Date,Team1,Team1_score,Team2,Team2_score,team1_fouls,team2_fouls,team1_yellow_cards,team2_yellow_cards,team1_red_cards,team2_red_cards,team1_offsides,team2_offsides,team1_won_corners,team2_won_corners,team1_saves,team2_saves,team1_possession,team2_possession,team1_shots,team2_shots,team1_avg_wins,team1_avg_draws,team1_avg_gd,team2_avg_wins,team2_avg_draws,team2_avg_gd,team1_lineup,team2_lineup,year,avg_age_t1,avg_gpa_t1,avg_apa_t1,avg_ycpa_t1,total_minutes_t1,avg_age_t2,avg_gpa_t2,avg_apa_t2,avg_ycpa_t2,total_minutes_t2
20060609,Germany,4,Costa Rica,2,11,11,0,1,0,0,3,3,7,3,0,13,57%,43%,24 (11),4 (3),0.6,0.2,2.0,0.2,0.0,-1.2,"1 Jens Lehmann_21 Christoph Metzelder_3 Arne Friedrich_16 Philip Lahm  _17 Per Mertesacker_8 Torsten Frings  _19 Bernd Schneider_7 Bastian Schweinsteiger_18 Tim Borowski_11 Miroslav Klose  
 _20 Lukas Podolski","18 Jose Francisco Hidalgo Porras_5 Gilberto Martinez_4 Michael Corrales Umana_12 Leonardo Gonzalez_3 Luis Marín_10 Walter Centeno_8 Mauricio Solis_6 Danny Bravo Fonseca  _20 Douglas Esteban Solano Sequeira_9 Paulo Wanchope  
 _11 Ronald Gomez",2006,24.857142857142858,0.10085755514326943,0.1417934446505875,0.15571634714491855,20893.0,30.0,,,,0.0
20060609,Poland,0,Ecuador,2,8,16,1,2,0,0,3,2,11,2,5,6,54%,46%,12 (6),12 (8),0.6,0.0,0.8,0.2,0.2,-0.4,1 Artur Boruc_6 Jacek Bak_4 Marcin Baszczynski_14 Michal Zewlakow_2 Mariusz Jop_8 Jacek Krzynowek_16 Arkadiusz Radomski_15 Ebi Smolarek  _10 Miroslaw Szymkowiak_7 Radoslaw Sobolewski_9 Maciej Zurawski,12 Cristian Rafael Medrano Mora_4 Ulises De la Cruz_3 Ivan Jacinto Angulo Hurtado  _17 Geovanny Espinoza_18 Neicer Reasco_20 Edwin Rolando Montano Tenorio_8 Edison Vicente Mendez Mendez  _16 Antonio Valencia_14 Segundo Castillo_11 Agustin Delgado  _21 Carlos Vicente Medina Tenorio  ,2006,28.0,0.17439393939393938,0.2049242424242424,0.14563852813852815,23356.0,21.0,,,,0.0
20060610,England,1,Paraguay,0,13,11,2,1,0,0,5,3,6,1,4,5,56%,44%,14 (6),16 (4),1.0,0.0,2.2,0.2,0.6,0.0,1 Paul Robinson_5 Rio Ferdinand_3 Ashley Cole_2 Gary Neville_6 John Terry_4 Steven Gerrard  _11 Joe Cole_7 David Beckham_8 Frank Lampard_21 Peter Crouch  _10 Michael Owen,1 Justo Villar_3 Delio Toledo_4 Carlos Gamarra   OG_21 Denis Ramon Caniza_5 Julio Cesar Caceres_13 Carlos Paredes_10 Roberto Acuña_6 Carlos Bonet_16 Cristian Riveros_9 Roque Santa Cruz_18 Nelson Haedo Valdez  ,2006,25.8,0.2030672914164664,0.10570250363865577,0.13004628811105517,34804.0,26.833333333333332,0.16532258064516128,0.0625,0.1075268817204301,5742.0
20060610,Trinidad and Tobago,0,Sweden,0,10,8,2,1,1,0,1,2,1,8,7,1,46%,54%,6 (1),25 (6),0.2,0.2,-0.8,0.0,0.8,-0.6,"1 Shaka Hislop_6 Dennis Lawrence_3 Avery John  
 _5 Brent Sancho_8 Cyd Gray_11 Carlos Edwards_7 Chris Birchall_18 Densill Theobald_14 Stern John_19 Dwight Yorke  _12 Collin Samuel",23 Rami Shaaban_5 Erik Edman_4 Teddy Lucic_3 Olof Mellberg_7 Niclas Alexandersson_9 Freddie Ljungberg_21 Christian Wilhelmsson_6 Tobias Linderoth_8 Anders Svensson_11 Henrik Larsson  _10 Zlatan Ibrahimovic,2006,27.125,0.153475935828877,0.0666369578134284,0.04390968508615567,11086.0,28.666666666666668,0.1475016276749633,0.08544884681273228,0.07621746781448924,15207.0
20060610,Argentina,2,Ivory Coast,1,13,14,3,2,0,0,7,0,3,6,6,4,60%,40%,8 (4),19 (8),0.4,0.0,0.4,0.2,0.6,0.4,"1 Roberto Abbondanzieri_6 Gabriel Heinze  _2 Roberto Ayala_21 Nicolás Burdisso_3 Juan Pablo Sorin_10 Juan Román Riquelme_5 Esteban Cambiasso_18 Maxi Rodríguez_8 Javier Mascherano_9 Hernán Crespo  _7 Javier Saviola  
 ","1 Jean-Jacques Tizie_12 Abdoulaye Meite_4 Kolo Touré_21 Emmanuel Eboué  _3 Arthur Boka_8 Bonaventure Kalou_5 Didier Zokora_2 Kanga Akale_19 Yaya Touré_18 Abdulkader Keita_11 Didier Drogba  
 ",2006,25.857142857142858,0.15025016275016276,0.008547008547008546,0.10388118991060169,15253.0,23.5,0.0830548988705017,0.007819603564284414,0.1245359762381039,17725.0
20060611,Serbia & Montenegro,0,Netherlands,1,14,22,4,2,0,0,2,3,6,4,8,7,43%,57%,10 (4),19 (11),0.6,0.2,0.4,0.6,0.2,0.2,1 Dragoslav Jevric_20 Mladen Krstajic_6 Goran Gavrancic  _3 Ivica Dragutinovic  _14 Nenad Djordjevic_10 Dejan Stankovic  _11 Predrag Djordjevic_4 Ihor Duljaj_17 Albert Nadj_9 Savo Milosevic_8 Mateja Kezman,1 Edwin van der Sar_5 Giovanni Van Bronckhorst  _14 John Heitinga  _13 Andre Ooijer_4 Joris Mathijsen_18 Mark Van Bommel_8 Phillip Cocu_20 Wesley Sneijder_9 Ruud van Nistelrooy_11 Arjen Robben  _17 Robin van Persie,2006,0.0,0.0,0.0,0.0,0.0,26.0,0.2938586938242697,0.19962663780607334,0.09833694142493798,13478.0
20060611,Mexico,3,Iran,1,22,19,2,1,0,0,1,2,6,5,4,6,53%,47%,8 (5),7 (5),0.6,0.0,0.2,0.6,0.2,1.4,"1 Oswaldo Javier Ibarra Sanchez_4 Rafael Márquez_14 Gonzalo Pineda_5 Ricardo Mendoza Osorio_16 Mario Mendez_3 Carlos Salcido  _6 Gerardo Torrado  _8 Pavel Segura Pardo_9 Jared Francisco Echavarria Borgetti_10 Guillermo Franco_19 Omar Bravo  
 ",1 Ebrahim Mirzapour_4 Yahya Golmohammadi  _5 Rahman Rezaei_20 Mohammad Nosrati_13 Hossein Kaebi_8 Ali Karimi_2 Mehdi Mahdavikia_6 Javad Nekounam  _14 Andranik Teymourian_10 Ali Daei_9 Vahid Hashemian,2006,25.0,0.036585365853658534,0.024390243902439025,0.28177150192554556,4477.0,26.88888888888889,0.037037037037037035,0.037037037037037035,0.08608608608608609,4676.0
20060611,Angola,0,Portugal,1,27,19,3,2,0,0,1,0,2,5,8,4,42%,58%,10 (2),22 (9),0.4,0.0,0.4,0.8,0.2,2.2,1 Pereira Joao Ricardo_5 Carlos Manuel Goncalves Alonso Kali_3 Joao Perreira Batlha Santos Jamba  _20 Manuel Cange Loco  _21 Luis Delgado_7 Paulo Jose Lopes Figueiredo_8 Andre Venceslau Valentim Macanga  _14 Antonio Manuel Viana Mendonca_17 Jose Nsimba Baptista Ze Kalanga_11 Mateus_10 Fabrice Akwa,1 Ricardo_16 Ricardo Carvalho_5 Fernando Meira_13 Miguel_14 Nuno Valente  _19 Tiago_8 Petit_7 Luis Figo_9 Pedro Miguel Pauleta  _11 Simão_17 Cristiano Ronaldo  ,2006,21.0,,,,0.0,26.571428571428573,0.10554297250144372,0.01157796451914099,0.1440764376602959,18592.0
20060612,Australia,3,Japan,1,23,11,4,3,0,0,4,3,5,3,6,10,55%,45%,22 (11),9 (3),0.8,0.2,1.2,0.4,0.4,0.2,1 Mark Schwarzer_2 Lucas Neill_3 Craig Moore  _14 Scott Chipperfield_20 Luke Wilkshire_7 Brett Emerton_5 Jason Culina_13 Vince Grella  _23 Marco Bresciano_10 Harry Kewell_9 Mark Viduka,23 Yoshikatsu Kawaguchi_5 Tsuneyasu Miyamoto  _22 Yuji Nakazawa_14 Alessandro Santos_19 Keisuke Tsuboi_3 Yuichi Komano_7 Hidetoshi Nakata_15 Takashi Fukunishi_10 Shunsuke Nakamura  _13 Atsushi Yanagisawa_9 Naohiro Takahara  ,2006,26.125,0.1304263352508751,0.058603575793728595,0.17791880231305776,21470.0,26.75,0.056498813420168915,0.005208333333333333,0.08457784489593953,17433.0
20060612,United States,0,Czech Republic,3,13,16,2,4,0,0,0,10,2,5,1,3,52%,48%,10 (3),10 (4),0.4,0.2,-0.2,0.8,0.2,1.4,18 Kasey Keller_4 Pablo Mastroeni_23 Eddie Pope_7 Eddie Lewis_6 Steve Cherundolo_22 Oguchi Onyewu  _10 Claudio Reyna  _21 Landon Donovan_17 DaMarcus Beasley_15 Bobby Convey_20 Brian McBride,"1 Petr Cech_6 Marek Jankulovski_21 Tomas Ujfalusi_22 David Rozehnal  _2 Zdenek Grygera  _8 Karel Poborsky_10 Tomas Rosicky  
  _11 Pavel Nedved_4 Tomas Galasek_20 Jaroslav Plasil_9 Jan Koller  ",2006,26.5,0.1391379856766024,0.1041462460983239,0.10967017751662864,16811.0,27.5,0.13487319013634802,0.0433933933933934,0.15225213646266278,16911.0
20060612,Italy,2,Ghana,0,8,20,3,2,0,0,3,3,12,4,7,15,48%,52%,18 (13),21 (8),0.4,0.6,1.0,0.4,0.2,0.6,1 Gianluigi Buffon_5 Fabio Cannavaro_13 Alessandro Nesta_2 Cristian Zaccardo_3 Fabio Grosso_10 Francesco Totti_21 Andrea Pirlo  _20 Simone Perrotta_4 Daniele De Rossi  _9 Luca Toni_11 Alberto Gilardino,22 Richard Kingson_4 Samuel Kuffour_5 John Mensah_15 John Pantsil_6 Emmanuel Pappoe_8 Michael Essien_18 Eric Addo_11 Sulley Muntari  _10 Stephen Appiah_14 Matthew Amoah_3 Asamoah Gyan  ,2006,26.666666666666668,0.15566647429781888,0.0246046732480841,0.2253316571590919,31021.0,23.75,0.09990135184508585,0.02701080432172869,0.18253325045433194,13996.0
20060613,South Korea,2,Togo,1,17,17,2,3,0,1,2,4,3,4,5,6,59%,41%,21 (7),11 (3),0.4,0.4,0.2,0.2,0.0,-1.0,"1 Lee Woon-Jae_4 Jin-Chul Choi_22 Chong-gug Song_12 Lee Young-Pyo_6 Jin-kyu Kim_2 Young-Chul Kim  _7 Park Ji-Sung_13 Eul-Yong Lee_17 Ho Lee_14 Chun-soo Lee  
 _19 Jae-jin Cho","16 Kossi Agassa_19 Ludovic Assemoassa_2 Dare Nibombe_5 Massamasso Tchangai  _3 Jean-Paul Abalo  
 _10 Mamam Cherif-Toure_18 Junior Senaya_15 Alaixys Romao  _4 Emmanuel Adebayor_7 Moustapha Salifou_17 Kader Mohamed  ",2006,23.0,0.041666666666666664,0.0,0.20833333333333334,1988.0,22.8,0.08041666666666668,0.030625,0.09138888888888888,9562.0
20060613,France,0,Switzerland,0,16,18,3,5,0,0,6,1,4,1,5,8,49%,51%,12 (6),7 (3),0.6,0.2,0.8,0.4,0.4,0.6,16 Fabien Barthez_5 William Gallas_3 Eric Abidal  _19 Willy Sagnol  _15 Lilian Thuram_4 Patrick Vieira_10 Zinedine Zidane  _6 Claude Makelele_11 Sylvain Wiltord_12 Thierry Henry_22 Franck Ribéry,1 Pascal Zuberbuhler_20 Patrick Müller_3 Ludovic Magnin  _4 Philippe Senderos_23 Philipp Degen  _6 Johann Vogel_8 Raphael Wicky_7 Ricardo Cabanas  _16 Tranquillo Barnetta  _9 Alexander Frei  _11 Marco Streller,2006,28.142857142857142,0.18836949799682717,0.13302008550455757,0.10087521174477697,24126.0,24.75,0.08863412980250115,0.1003441387645455,0.1425532578865285,19118.0
20060613,Brazil,1,Croatia,0,18,19,1,3,0,0,2,4,5,7,4,6,52%,48%,19 (8),8 (4),0.8,0.2,3.2,0.4,0.2,0.4,1 Dida_6 Roberto Carlos_2 Cafu_3 Lúcio_4 Juan_5 Emerson Ferreira  _11 Zé Roberto_10 Ronaldinho_8 Kaká  _9 Ronaldo_7 Adriano,1 Stipe Pletikosa_5 Igor Tudor  _7 Dario Simic_4 Robert Kovac  _3 Josip Simunic_8 Marko Babic_2 Darijo Srna_19 Niko Kranjcar_10 Nico Kovac  _9 Dado Prso_17 Ivan Klasnic,2006,27.285714285714285,0.18986295186971108,0.15946706441774033,0.12218661712176508,25348.0,26.375,0.07036099865047232,0.018973673385438095,0.12957330095729863,12080.0
20060614,Spain,4,Ukraine,0,9,12,0,2,0,1,0,9,7,1,5,9,50%,50%,19 (11),6 (3),0.6,0.4,0.8,0.8,0.2,2.2,"1 Iker Casillas_5 Carles Puyol_22 Pablo Ibañez_3 Mariano Pernia_15 Sergio Ramos_8 Xavi_14 Xabi Alonso  _16 Marcos Senna_11 Luis Garcia_9 Fernando Torres  _21 David Villa  
 ",1 Oleksandr Shovkovskiy_17 Vladislav Vashchuk  _2 Andriy Nesmachniy_6 Andriy Rusol  _5 Volodymyr Yezerskiy  _4 Anatoliy Tymoschuk_14 Andriy Gusin_9 Oleg Gusev_21 Ruslan Rotan_7 Andriy Shevchenko_10 Andriy Voronin,2006,23.833333333333332,0.12287070724570726,0.05335648148148148,0.13528769153769152,20830.0,23.75,0.2759920634920635,0.029166666666666667,0.1568452380952381,6273.0
20060614,Tunisia,2,Saudi Arabia,2,15,11,4,0,0,0,1,1,3,4,4,4,45%,55%,6 (2),20 (10),0.2,0.4,-0.2,0.2,0.0,-0.8,1 Ali Boumnijel_18 David Jemmali_6 Hatem Trabelsi_15 Radhi Jaidi  _12 Jaouhar Mnari_14 Adel Chedli  _13 Riadh Bouazizi  _20 Hamed Namouchi_3 Karim Haggui  _5 Zied Jaziri  _9 Yassine Chikhaoui  ,21 Mabrouk Zaid_3 Redha Fallatah Tukar_4 Hamad Al Montashari_2 Ahmed Dokhi_13 Hussein Sulimani_18 Nawaf Al Temyat_14 Saud Ali Khariri_8 Mohammed Noor_16 Khaled Al-Thaker_6 Omar Al Ghamdi_20 Yasser Al Qahtani  ,2006,27.0,0.09886299134383425,0.01800411522633745,0.15575382418002773,16404.0,25.0,,,,0.0
20060614,Germany,1,Poland,0,20,14,3,3,0,1,5,2,10,4,5,8,49%,51%,23 (10),8 (3),0.8,0.2,3.0,0.4,0.0,0.2,1 Jens Lehmann_21 Christoph Metzelder  _3 Arne Friedrich_16 Philip Lahm_17 Per Mertesacker_8 Torsten Frings_19 Bernd Schneider_13 Michael Ballack  _7 Bastian Schweinsteiger_11 Miroslav Klose_20 Lukas Podolski,"1 Artur Boruc  _6 Jacek Bak_4 Marcin Baszczynski_14 Michal Zewlakow_19 Bartosz Bosacki_8 Jacek Krzynowek  _16 Arkadiusz Radomski_15 Ebi Smolarek_7 Radoslaw Sobolewski  
 _9 Maciej Zurawski_21 Ireneusz Jelen",2006,25.5,0.16658730158730156,0.1613888888888889,0.16305555555555556,24174.0,28.375,0.16939935064935063,0.2102782634032634,0.12093843656343657,17550.0
20060615,Ecuador,3,Costa Rica,0,12,22,3,2,0,0,4,2,3,4,4,4,54%,46%,19 (6),13 (4),0.2,0.2,-0.2,0.2,0.0,-1.4,12 Cristian Rafael Medrano Mora  _4 Ulises De la Cruz  _3 Ivan Jacinto Angulo Hurtado_17 Geovanny Espinoza_18 Neicer Reasco_20 Edwin Rolando Montano Tenorio_8 Edison Vicente Mendez Mendez_16 Antonio Valencia_14 Segundo Castillo  _11 Agustin Delgado  _21 Carlos Vicente Medina Tenorio  ,18 Jose Francisco Hidalgo Porras_15 Harold McDonald Wallace_4 Michael Corrales Umana_12 Leonardo Gonzalez_3 Luis Marín  _10 Walter Centeno_8 Mauricio Solis  _6 Danny Bravo Fonseca_20 Douglas Esteban Solano Sequeira_9 Paulo Wanchope_11 Ronald Gomez,2006,21.0,,,,0.0,29.0,0.25,0.0,0.16666666666666666,1440.0
20060615,England,2,Trinidad and Tobago,0,15,16,1,5,0,0,2,2,7,3,3,6,67%,33%,26 (8),9 (3),1.0,0.0,2.2,0.0,0.4,-1.2,1 Paul Robinson_5 Rio Ferdinand_15 Jamie Carragher_3 Ashley Cole_6 John Terry_4 Steven Gerrard  _11 Joe Cole_7 David Beckham_8 Frank Lampard  _21 Peter Crouch  _10 Michael Owen,1 Shaka Hislop  _6 Dennis Lawrence_5 Brent Sancho_8 Cyd Gray  _11 Carlos Edwards_7 Chris Birchall_18 Densill Theobald  _9 Aurtis Whitley  _14 Stern John_19 Dwight Yorke_15 Kenwyne Jones  ,2006,25.5,0.20021014855932356,0.09141678935294148,0.1339748595396266,36885.0,27.22222222222222,0.153475935828877,0.0666369578134284,0.04390968508615568,11086.0
20060615,Sweden,1,Paraguay,0,18,15,3,4,0,0,3,1,6,3,5,10,52%,48%,21 (13),18 (4),0.0,0.8,-0.6,0.2,0.4,-0.2,1 Andreas Isaksson_5 Erik Edman_4 Teddy Lucic  _3 Olof Mellberg_7 Niclas Alexandersson_9 Freddie Ljungberg  _21 Christian Wilhelmsson_16 Kim Källström_6 Tobias Linderoth  _11 Henrik Larsson_10 Zlatan Ibrahimovic,22 Aldo Bobadilla_4 Carlos Gamarra_21 Denis Ramon Caniza  _5 Julio Cesar Caceres_2 Jorge Daniel Nunez_13 Carlos Paredes  _10 Roberto Acuña  _6 Carlos Bonet_16 Cristian Riveros_9 Roque Santa Cruz_18 Nelson Haedo Valdez,2006,28.0,0.15504247392548698,0.08544884681273231,0.10219149378851522,15920.0,27.833333333333332,0.16532258064516128,0.0625,0.024193548387096774,3465.0
20060616,Argentina,6,Serbia & Montenegro,0,12,19,1,3,0,1,3,0,3,4,8,5,50%,50%,13 (10),6 (2),0.6,0.0,0.8,0.4,0.2,0.0,"1 Roberto Abbondanzieri_6 Gabriel Heinze_2 Roberto Ayala_21 Nicolás Burdisso_3 Juan Pablo Sorin_10 Juan Román Riquelme_18 Maxi Rodríguez  
 _8 Javier Mascherano_22 Lucho González_9 Hernán Crespo  
 _7 Javier Saviola",1 Dragoslav Jevric_20 Mladen Krstajic  _6 Goran Gavrancic_15 Milan Dudic_10 Dejan Stankovic_11 Predrag Djordjevic_7 Ognjen Koroman  _4 Ihor Duljaj_17 Albert Nadj  _9 Savo Milosevic_8 Mateja Kezman  ,2006,25.6,0.008547008547008546,0.017094017094017092,0.12981397687280039,5972.0,0.0,0.0,0.0,0.0,0.0
20060616,Netherlands,2,Ivory Coast,1,22,16,4,3,0,0,5,4,3,8,6,7,50%,50%,11 (8),18 (9),0.8,0.2,0.8,0.2,0.4,0.2,1 Edwin van der Sar_5 Giovanni Van Bronckhorst_14 John Heitinga_13 Andre Ooijer_4 Joris Mathijsen  _18 Mark Van Bommel  _8 Phillip Cocu_20 Wesley Sneijder_9 Ruud van Nistelrooy  _11 Arjen Robben  _17 Robin van Persie  ,1 Jean-Jacques Tizie_12 Abdoulaye Meite_4 Kolo Touré_21 Emmanuel Eboué_3 Arthur Boka  _5 Didier Zokora  _19 Yaya Touré_22 Romaric_11 Didier Drogba  _9 Arouna Koné_14 Bakari Koné  ,2006,26.0,0.2938586938242697,0.19962663780607334,0.09833694142493798,13478.0,23.0,0.1609861756355659,0.06822037210756723,0.12354900011912208,23098.0
20060616,Mexico,0,Angola,0,17,19,1,4,0,1,0,7,6,5,5,13,55%,45%,14 (6),10 (1),0.6,0.0,0.4,0.4,0.0,0.4,1 Oswaldo Javier Ibarra Sanchez_4 Rafael Márquez_14 Gonzalo Pineda  _5 Ricardo Mendoza Osorio_16 Mario Mendez_3 Carlos Salcido_6 Gerardo Torrado_7 Sinha_8 Pavel Segura Pardo_10 Guillermo Franco_19 Omar Bravo,"1 Pereira Joao Ricardo  _5 Carlos Manuel Goncalves Alonso Kali_3 Joao Perreira Batlha Santos Jamba_20 Manuel Cange Loco_21 Luis Delgado  _7 Paulo Jose Lopes Figueiredo_8 Andre Venceslau Valentim Macanga  
 _14 Antonio Manuel Viana Mendonca_17 Jose Nsimba Baptista Ze Kalanga  _11 Mateus_10 Fabrice Akwa",2006,25.571428571428573,0.036585365853658534,0.024390243902439025,0.28177150192554556,4477.0,21.0,,,,0.0
20060617,Portugal,2,Iran,0,18,17,3,4,0,0,3,3,14,1,4,7,63%,37%,19 (9),8 (3),0.8,0.2,2.0,0.6,0.2,1.2,"1 Ricardo_16 Ricardo Carvalho_5 Fernando Meira_13 Miguel_14 Nuno Valente_7 Luis Figo_20 Deco  
 _6 Costinha  _18 Maniche_9 Pedro Miguel Pauleta  _17 Cristiano Ronaldo  ",1 Ebrahim Mirzapour_4 Yahya Golmohammadi  _5 Rahman Rezaei_20 Mohammad Nosrati_13 Hossein Kaebi  _8 Ali Karimi_2 Mehdi Mahdavikia_6 Javad Nekounam  _14 Andranik Teymourian_21 Mehrzad Madanchi  _9 Vahid Hashemian,2006,27.666666666666668,0.06076054213985249,0.01126984126984127,0.17504070642001676,16229.0,25.11111111111111,0.037037037037037035,0.037037037037037035,0.08608608608608609,4676.0
20060617,Czech Republic,0,Ghana,2,12,20,1,5,1,0,6,9,6,7,9,9,47%,53%,17 (7),20 (9),0.8,0.2,1.8,0.4,0.2,0.4,1 Petr Cech_6 Marek Jankulovski_21 Tomas Ujfalusi  _22 David Rozehnal_2 Zdenek Grygera_8 Karel Poborsky_10 Tomas Rosicky_11 Pavel Nedved_4 Tomas Galasek_20 Jaroslav Plasil_12 Vratislav Lokvenc  ,"22 Richard Kingson_5 John Mensah_15 John Pantsil_13 Habib Mohamed_7 Illiasu Shilla_8 Michael Essien  _20 Otto Addo  _11 Sulley Muntari  
 _10 Stephen Appiah_14 Matthew Amoah_3 Asamoah Gyan  
 ",2006,27.5,0.13487319013634802,0.0433933933933934,0.15225213646266278,16911.0,23.571428571428573,0.1298618925831202,0.023529411764705882,0.1755465506360647,10084.0
20060617,Italy,1,United States,1,13,22,2,1,1,2,11,1,7,3,2,3,54%,46%,11 (4),10 (3),0.4,0.6,1.0,0.4,0.2,-0.2,1 Gianluigi Buffon_5 Fabio Cannavaro_13 Alessandro Nesta_19 Gianluca Zambrotta  _2 Cristian Zaccardo   OG_10 Francesco Totti  _21 Andrea Pirlo_20 Simone Perrotta_4 Daniele De Rossi  _9 Luca Toni_11 Alberto Gilardino  ,"18 Kasey Keller_4 Pablo Mastroeni  _23 Eddie Pope  
 _6 Steve Cherundolo_22 Oguchi Onyewu_3 Carlos Bocanegra_10 Claudio Reyna_21 Landon Donovan_15 Bobby Convey_8 Clint Dempsey_20 Brian McBride",2006,27.25,0.16507855314407893,0.03028442407076128,0.21741762592085842,28816.0,25.0,0.16044969822059604,0.09778613199665832,0.15025330706445258,14883.0
20060618,Japan,0,Croatia,0,18,19,3,2,0,0,1,4,5,11,7,9,51%,49%,14 (4),18 (5),0.2,0.4,-0.4,0.2,0.2,0.0,23 Yoshikatsu Kawaguchi  _5 Tsuneyasu Miyamoto  _22 Yuji Nakazawa_14 Alessandro Santos  _21 Akira Kaji_7 Hidetoshi Nakata_8 Mitsuo Ogasawara_15 Takashi Fukunishi_10 Shunsuke Nakamura_13 Atsushi Yanagisawa_9 Naohiro Takahara,1 Stipe Pletikosa_5 Igor Tudor_7 Dario Simic_4 Robert Kovac  _3 Josip Simunic_8 Marko Babic_2 Darijo Srna  _19 Niko Kranjcar_10 Nico Kovac_9 Dado Prso_17 Ivan Klasnic,2006,27.125,0.09497920557703167,0.034375,0.11381581281037803,16429.0,26.375,0.07036099865047232,0.018973673385438095,0.12957330095729863,12080.0
20060618,Brazil,2,Australia,0,9,23,3,2,0,0,5,1,7,4,6,5,53%,47%,18 (6),14 (4),1.0,0.0,3.4,0.8,0.2,1.4,1 Dida_6 Roberto Carlos_2 Cafu  _3 Lúcio_4 Juan_5 Emerson Ferreira_11 Zé Roberto_10 Ronaldinho_8 Kaká_9 Ronaldo  _7 Adriano  ,1 Mark Schwarzer_2 Lucas Neill_3 Craig Moore_6 Tony Popovic_14 Scott Chipperfield_4 Tim Cahill_7 Brett Emerton  _21 Mile Sterjovski_5 Jason Culina  _13 Vince Grella_9 Mark Viduka,2006,27.285714285714285,0.18986295186971108,0.15946706441774033,0.12218661712176508,25348.0,26.375,0.14414538112187342,0.04754784688995215,0.20214039232412145,21183.0
20060618,France,1,South Korea,1,20,10,2,2,0,0,2,1,6,2,3,4,52%,48%,17 (7),6 (3),0.6,0.2,0.8,0.4,0.4,0.2,16 Fabien Barthez_5 William Gallas_3 Eric Abidal  _19 Willy Sagnol_15 Lilian Thuram_4 Patrick Vieira_7 Florent Malouda_10 Zinedine Zidane  _6 Claude Makelele_11 Sylvain Wiltord_12 Thierry Henry  ,1 Lee Woon-Jae_4 Jin-Chul Choi_12 Lee Young-Pyo_3 Dong-jin Kim  _2 Young-Chul Kim_7 Park Ji-Sung  _5 Kim Nam-Il_13 Eul-Yong Lee_17 Ho Lee  _14 Chun-soo Lee_19 Jae-jin Cho,2006,28.571428571428573,0.2026151962761389,0.1113314100343695,0.0955130668868338,25608.0,24.5,,,,0.0
20060619,Togo,0,Switzerland,2,18,13,3,1,0,0,5,4,4,8,14,11,51%,49%,10 (5),18 (10),0.2,0.0,-0.8,0.4,0.6,1.0,16 Kossi Agassa_2 Dare Nibombe_5 Massamasso Tchangai_23 Assimiou Toure_8 Kuami Agboh_9 Thomas Dossevi_10 Mamam Cherif-Toure_15 Alaixys Romao  _4 Emmanuel Adebayor  _17 Kader Mohamed_13 Richmond Forson,1 Pascal Zuberbuhler_20 Patrick Müller_3 Ludovic Magnin_4 Philippe Senderos_23 Philipp Degen_6 Johann Vogel  _8 Raphael Wicky_7 Ricardo Cabanas_16 Tranquillo Barnetta  _9 Alexander Frei  _10 Daniel Gygax,2006,24.2,0.17929429429429433,0.02,0.12960960960960963,7757.0,24.75,0.08863412980250115,0.1003441387645455,0.1425532578865285,19118.0
20060619,Saudi Arabia,0,Ukraine,4,21,20,3,3,0,0,0,0,2,6,8,0,49%,51%,9 (2),28 (16),0.2,0.2,-0.6,0.6,0.2,1.2,21 Mabrouk Zaid_3 Redha Fallatah Tukar_4 Hamad Al Montashari_2 Ahmed Dokhi  _13 Hussein Sulimani_14 Saud Ali Khariri  _8 Mohammed Noor_16 Khaled Al-Thaker_6 Omar Al Ghamdi  _7 Mohammed Ameen_20 Yasser Al Qahtani,"1 Oleksandr Shovkovskiy_2 Andriy Nesmachniy  _6 Andriy Rusol  _22 Viacheslav Sviderskiy  _11 Serhiy Rebrov  _4 Anatoliy Tymoschuk_19 Maxim Kalinichenko  
 _8 Oleg Shelayev_9 Oleg Gusev_7 Andriy Shevchenko  _10 Andriy Voronin",2006,25.0,,,,0.0,25.0,0.2709415584415584,0.029166666666666667,0.2704816017316017,6456.0
20060619,Spain,3,Tunisia,1,10,20,2,6,0,0,1,4,12,1,3,11,64%,36%,26 (10),5 (3),0.8,0.2,1.6,0.2,0.6,0.4,"1 Iker Casillas_5 Carles Puyol  _22 Pablo Ibañez_3 Mariano Pernia_15 Sergio Ramos_8 Xavi_14 Xabi Alonso_16 Marcos Senna_11 Luis Garcia_9 Fernando Torres  
 _21 David Villa","1 Ali Boumnijel_6 Hatem Trabelsi  _15 Radhi Jaidi  _19 Anis Ayari  _12 Jaouhar Mnari  
 _14 Adel Chedli_13 Riadh Bouazizi_8 Mehdi Nafti_20 Hamed Namouchi_3 Karim Haggui_5 Zied Jaziri  ",2006,24.4,0.058555959805959804,0.06402777777777777,0.14456745206745208,16939.0,26.0,0.09899982768756715,0.01800411522633745,0.20783212676542975,16422.0
20060620,Costa Rica,1,Poland,2,13,18,5,5,0,0,4,0,2,9,7,4,50%,50%,15 (6),15 (7),0.0,0.0,-2.2,0.4,0.0,0.2,"18 Jose Francisco Hidalgo Porras_2 Jervis Johnson Drummond_4 Michael Corrales Umana  _12 Leonardo Gonzalez  _17 Gabriel Segura Badilla  _3 Luis Marín  _10 Walter Centeno_8 Mauricio Solis_7 Cristian Navarro Bolanos_9 Paulo Wanchope_11 Ronald Gomez  
 ","1 Artur Boruc  _6 Jacek Bak  _4 Marcin Baszczynski  _14 Michal Zewlakow  _19 Bartosz Bosacki  
 _8 Jacek Krzynowek_16 Arkadiusz Radomski  _15 Ebi Smolarek_10 Miroslaw Szymkowiak_9 Maciej Zurawski_21 Ireneusz Jelen",2006,29.0,0.25,0.0,0.16666666666666666,1440.0,28.25,0.20727813852813853,0.24990530303030303,0.1302624458874459,19305.0
20060620,Ecuador,0,Germany,3,20,17,1,1,0,0,0,3,5,2,4,6,46%,54%,9 (3),18 (9),0.4,0.2,0.6,0.8,0.2,2.6,12 Cristian Rafael Medrano Mora_4 Ulises De la Cruz_17 Geovanny Espinoza_2 Jorge Daniel Tamayo Guagua_13 Paul Vicente Zambrano Ambrossi_15 Marlon Ayovi_20 Edwin Rolando Montano Tenorio_8 Edison Vicente Mendez Mendez_16 Antonio Valencia  _10 Ivan Jaime Llorentty Kaviedes_9 Felix Alexander Valencia Borja,"1 Jens Lehmann_4 Robert Huth_3 Arne Friedrich_16 Philip Lahm_17 Per Mertesacker_8 Torsten Frings_19 Bernd Schneider_13 Michael Ballack_7 Bastian Schweinsteiger_11 Miroslav Klose  
 _20 Lukas Podolski  ",2006,19.0,,,,0.0,24.714285714285715,0.1453458049886621,0.14952380952380953,0.15777777777777777,20329.0
20060620,Paraguay,2,Trinidad and Tobago,0,16,20,2,2,0,0,4,3,7,1,3,9,55%,45%,13 (7),10 (3),0.2,0.4,-0.2,0.0,0.2,-1.6,22 Aldo Bobadilla_4 Carlos Gamarra_21 Denis Ramon Caniza_5 Julio Cesar Caceres_2 Jorge Daniel Nunez_13 Carlos Paredes  _10 Roberto Acuña_19 Julio Dos Santos  _8 Édgar Barreto_9 Roque Santa Cruz_18 Nelson Haedo Valdez,"21 Kelvin Jack_6 Dennis Lawrence_3 Avery John_5 Brent Sancho   OG
 _11 Carlos Edwards_7 Chris Birchall_18 Densill Theobald_9 Aurtis Whitley  _14 Stern John_19 Dwight Yorke_13 Cornell Glen",2006,27.6,0.17225806451612904,0.066,0.05135483870967742,5605.0,27.375,0.12789661319073084,0.0674355600826189,0.060400928047986864,12253.0
20060620,Sweden,2,England,2,19,11,2,1,0,0,0,1,12,6,8,2,46%,54%,12 (5),18 (7),0.2,0.6,-0.4,1.0,0.0,2.4,1 Andreas Isaksson_5 Erik Edman_4 Teddy Lucic_3 Olof Mellberg_7 Niclas Alexandersson  _9 Freddie Ljungberg  _16 Kim Källström_6 Tobias Linderoth_11 Henrik Larsson  _18 Mattias Jonson_20 Marcus Allback  ,1 Paul Robinson_5 Rio Ferdinand_15 Jamie Carragher_3 Ashley Cole_6 John Terry_11 Joe Cole  _7 David Beckham_8 Frank Lampard_16 Owen Hargreaves  _10 Michael Owen_9 Wayne Rooney,2006,28.666666666666668,0.13065223002304796,0.05060564123781941,0.10159074886480983,13982.0,25.555555555555557,0.14208036362432658,0.10293419951224424,0.14427325841226926,33414.0
20060621,Iran,1,Angola,1,18,21,3,3,0,0,1,5,3,6,7,12,54%,46%,20 (12),17 (8),0.4,0.2,0.0,0.2,0.2,-0.4,1 Ebrahim Mirzapour_5 Rahman Rezaei_20 Mohammad Nosrati_13 Hossein Kaebi_3 Sohrab Bakhtiarizadeh  _2 Mehdi Mahdavikia_7 Ferydoon Zandi  _14 Andranik Teymourian  _21 Mehrzad Madanchi  _10 Ali Daei_9 Vahid Hashemian,1 Pereira Joao Ricardo_5 Carlos Manuel Goncalves Alonso Kali_3 Joao Perreira Batlha Santos Jamba_20 Manuel Cange Loco  _21 Luis Delgado_7 Paulo Jose Lopes Figueiredo_14 Antonio Manuel Viana Mendonca  _17 Jose Nsimba Baptista Ze Kalanga  _6 Marcos Miloy_11 Mateus_10 Fabrice Akwa,2006,26.0,0.1318342151675485,0.0961199294532628,0.12881929548596213,6721.0,21.0,,,,0.0
20060621,Portugal,2,Mexico,1,22,15,4,4,0,1,2,0,4,5,7,5,50%,50%,13 (6),15 (6),1.0,0.0,2.4,0.4,0.2,0.2,"1 Ricardo_16 Ricardo Carvalho_5 Fernando Meira_13 Miguel  _3 Caneira_19 Tiago_8 Petit_7 Luis Figo_18 Maniche  
 _11 Simão  _23 Hélder Postiga","1 Oswaldo Javier Ibarra Sanchez_4 Rafael Márquez  _14 Gonzalo Pineda_22 Francisco Javier Pinedo Rodriguez  _5 Ricardo Mendoza Osorio_16 Mario Mendez_3 Carlos Salcido_23 Luis Perez  
 _8 Pavel Segura Pardo_17 Francisco Fonseca  _19 Omar Bravo",2006,26.0,0.123133467918351,0.013507625272331155,0.11253362171478964,17587.0,24.2,0.07317073170731707,0.04878048780487805,0.1951219512195122,3328.0
20060621,Ivory Coast,3,Serbia & Montenegro,2,13,19,3,4,1,1,7,2,9,1,1,7,64%,36%,29 (17),10 (4),0.2,0.4,0.2,0.2,0.2,-1.6,"23 Boubacar Barry_17 Cyril Domoraud  
 _6 Blaise Kouassi_21 Emmanuel Eboué_3 Arthur Boka_5 Didier Zokora_19 Yaya Touré_18 Abdulkader Keita  _2 Kanga Akale_9 Arouna Koné_15 Aruna Dindane  
  ",1 Dragoslav Jevric_20 Mladen Krstajic_6 Goran Gavrancic  _15 Milan Dudic  _14 Nenad Djordjevic_2 Ivan Ergic_10 Dejan Stankovic_11 Predrag Djordjevic_22 Sasa Ilic  _4 Ihor Duljaj  _19 Nikola Zigic  ,2006,23.5,0.08377425044091709,0.037606837606837605,0.135002035002035,15192.0,0.0,0.0,0.0,0.0,0.0
20060621,Netherlands,0,Argentina,0,20,16,3,2,0,0,1,4,7,10,6,6,50%,50%,12 (3),12 (2),0.8,0.2,0.8,0.8,0.0,2.2,1 Edwin van der Sar_2 Kew Jaliens_15 Tim De Cler  _13 Andre Ooijer  _3 Khalid Boulahrouz_10 Rafael Van der Vaart_8 Phillip Cocu_20 Wesley Sneijder_9 Ruud van Nistelrooy_7 Dirk Kuyt  _17 Robin van Persie,1 Roberto Abbondanzieri_2 Roberto Ayala_15 Gabriel Milito_21 Nicolás Burdisso_17 Leandro Cufré_10 Juan Román Riquelme_5 Esteban Cambiasso  _18 Maxi Rodríguez_8 Javier Mascherano  _19 Lionel Messi_11 Carlos Tevez,2006,26.166666666666668,0.32111731636612856,0.18009775704992192,0.13285096341836133,16652.0,24.25,0.08940012131501494,0.0,0.12356347403417112,17526.0
20060622,Czech Republic,0,Italy,2,17,16,1,1,1,0,1,1,4,5,5,11,49%,51%,13 (7),18 (7),0.8,0.0,1.4,0.4,0.6,1.0,"1 Petr Cech_6 Marek Jankulovski_22 David Rozehnal_2 Zdenek Grygera_8 Karel Poborsky_10 Tomas Rosicky_11 Pavel Nedved_20 Jaroslav Plasil_19 Jan Polak  
 _5 Radoslav Kovac_15 Milan Baros",1 Gianluigi Buffon_5 Fabio Cannavaro_13 Alessandro Nesta_19 Gianluca Zambrotta_3 Fabio Grosso_10 Francesco Totti_8 Gennaro Gattuso  _21 Andrea Pirlo_20 Simone Perrotta_16 Mauro Camoranesi_11 Alberto Gilardino,2006,27.142857142857142,0.12681007333815825,0.04559769853887501,0.16131415618368292,21286.0,27.875,0.08229346542478069,0.02681220184853906,0.19852142709044907,29201.0
20060622,Ghana,2,United States,1,30,15,4,1,0,0,8,6,2,6,7,3,45%,55%,9 (3),10 (4),0.6,0.2,1.0,0.4,0.2,-0.2,"22 Richard Kingson_5 John Mensah  _15 John Pantsil_13 Habib Mohamed_7 Illiasu Shilla  _8 Michael Essien  _10 Stephen Appiah  
 _23 Haminu Draman  _9 Derek Boateng_19 Razak Pimpong_14 Matthew Amoah",18 Kasey Keller_7 Eddie Lewis  _6 Steve Cherundolo_22 Oguchi Onyewu_13 Jimmy Conrad_3 Carlos Bocanegra_10 Claudio Reyna_21 Landon Donovan_17 DaMarcus Beasley_8 Clint Dempsey  _20 Brian McBride,2006,22.142857142857142,0.18745098039215682,0.0392156862745098,0.18698752228163992,8262.0,25.875,0.1851562566213439,0.1516462460983239,0.1410115322403363,21068.0
20060622,Croatia,2,Australia,2,17,21,4,1,2,1,2,1,4,9,7,5,46%,54%,12 (6),15 (7),0.0,0.4,-0.6,0.6,0.2,0.6,"1 Stipe Pletikosa  _13 Stjepan Tomas_5 Igor Tudor  _7 Dario Simic  
 _3 Josip Simunic  
 _8 Marko Babic_2 Darijo Srna  _19 Niko Kranjcar_10 Nico Kovac  _9 Dado Prso_18 Ivica Olic","18 Zeljko Kalac_2 Lucas Neill_3 Craig Moore  _14 Scott Chipperfield_4 Tim Cahill_7 Brett Emerton  
 _21 Mile Sterjovski_5 Jason Culina_13 Vince Grella_10 Harry Kewell  _9 Mark Viduka",2006,25.5,0.09381466486729645,0.020396270396270396,0.10628155813914326,9173.0,26.375,0.13598251723517002,0.051580104954468284,0.18994527037290193,19900.0
20060622,Japan,1,Brazil,4,9,5,1,1,0,0,4,0,3,11,12,4,37%,63%,9 (3),24 (16),0.2,0.6,-0.2,1.0,0.0,3.2,23 Yoshikatsu Kawaguchi_22 Yuji Nakazawa_14 Alessandro Santos_21 Akira Kaji  _19 Keisuke Tsuboi_17 Junichi Inamoto_7 Hidetoshi Nakata_8 Mitsuo Ogasawara_10 Shunsuke Nakamura_20 Keiji Tamada  _11 Seiichiro Maki,"1 Dida_3 Lúcio_4 Juan_13 Cicinho_16 Gilberto Melo  
 _19 Juninho Pernambucano  _10 Ronaldinho_17 Gilberto Silva_8 Kaká_9 Ronaldo  
 _23 Robinho",2006,26.0,0.09358766233766232,0.034375,0.09127244079449962,17472.0,26.285714285714285,0.17329942660825015,0.10828844358256122,0.12459614187555364,20812.0
20060623,Saudi Arabia,0,Spain,1,21,21,2,3,0,0,5,0,4,10,17,6,37%,63%,8 (3),22 (14),0.2,0.2,-1.2,0.8,0.2,1.8,21 Mabrouk Zaid_3 Redha Fallatah Tukar_4 Hamad Al Montashari_2 Ahmed Dokhi_12 Abdulaziz Khathran_13 Hussein Sulimani_14 Saud Ali Khariri_8 Mohammed Noor_16 Khaled Al-Thaker_9 Sami Al Jaber  _11 Saad Al Harthi,19 Santiago Cañizares_20 Juanito  _2 Míchel Salgado_4 Carlos Marchena  _12 Antonio López_6 David Albelda  _10 José Antonio Reyes  _17 Joaquín_13 Andrés Iniesta_18 Cesc Fàbregas_7 Raúl,2006,25.0,,,,0.0,24.363636363636363,0.10118876619242877,0.05771681974917567,0.21126943956317845,34245.0
20060623,Ukraine,1,Tunisia,0,17,24,4,3,0,1,3,4,3,3,5,7,56%,44%,7 (5),10 (3),0.6,0.2,1.2,0.2,0.4,0.0,1 Oleksandr Shovkovskiy_2 Andriy Nesmachniy_6 Andriy Rusol  _22 Viacheslav Sviderskiy  _11 Serhiy Rebrov_4 Anatoliy Tymoschuk  _19 Maxim Kalinichenko_8 Oleg Shelayev  _9 Oleg Gusev_7 Andriy Shevchenko  _10 Andriy Voronin,"1 Ali Boumnijel_6 Hatem Trabelsi_15 Radhi Jaidi  _19 Anis Ayari_12 Jaouhar Mnari_14 Adel Chedli_13 Riadh Bouazizi  _8 Mehdi Nafti_20 Hamed Namouchi_3 Karim Haggui_5 Zied Jaziri  
 ",2006,25.0,0.2709415584415584,0.029166666666666667,0.2704816017316017,6456.0,26.22222222222222,0.05784756431308155,0.013888888888888888,0.1749103160658413,14680.0
20060623,Switzerland,2,South Korea,0,7,19,5,4,0,0,3,3,8,6,7,6,51%,49%,12 (5),17 (7),0.4,0.6,1.0,0.4,0.4,0.2,"1 Pascal Zuberbuhler_20 Patrick Müller_4 Philippe Senderos  
 _23 Philipp Degen_22 Hakan Yakin  _6 Johann Vogel_8 Raphael Wicky  _17 Christoph Spycher  _7 Ricardo Cabanas_16 Tranquillo Barnetta_9 Alexander Frei  ",1 Lee Woon-Jae_4 Jin-Chul Choi  _12 Lee Young-Pyo_6 Jin-kyu Kim  _3 Dong-jin Kim_7 Park Ji-Sung_5 Kim Nam-Il_17 Ho Lee_14 Chun-soo Lee  _19 Jae-jin Cho_10 Chu-Young Park  ,2006,25.875,0.08330668697505833,0.10268301610342284,0.14363795462339915,16898.0,20.0,0.041666666666666664,0.0,0.20833333333333334,1988.0
20060623,Togo,0,France,2,20,11,3,1,0,0,3,4,1,9,16,3,37%,63%,8 (1),20 (12),0.2,0.0,-0.8,0.6,0.4,1.0,16 Kossi Agassa_2 Dare Nibombe_5 Massamasso Tchangai_3 Jean-Paul Abalo_10 Mamam Cherif-Toure  _18 Junior Senaya_6 Yao Aziawonou  _4 Emmanuel Adebayor_7 Moustapha Salifou  _17 Kader Mohamed_13 Richmond Forson,16 Fabien Barthez_13 Mikael Silvestre_5 William Gallas_19 Willy Sagnol_15 Lilian Thuram_4 Patrick Vieira  _7 Florent Malouda_6 Claude Makelele  _12 Thierry Henry  _20 David Trezeguet_22 Franck Ribéry,2006,24.8,0.07433333333333333,0.034499999999999996,0.09408333333333332,10299.0,27.285714285714285,0.16588050239858787,0.12765794064661437,0.09959469953989501,25748.0
20060624,Germany,2,Sweden,0,14,20,1,3,0,1,3,2,4,4,2,9,63%,37%,29 (13),4 (2),0.8,0.2,1.8,0.2,0.8,0.2,"1 Jens Lehmann_21 Christoph Metzelder_3 Arne Friedrich_16 Philip Lahm_17 Per Mertesacker_8 Torsten Frings  _19 Bernd Schneider_13 Michael Ballack_7 Bastian Schweinsteiger_11 Miroslav Klose_20 Lukas Podolski  
 ","1 Andreas Isaksson_5 Erik Edman_4 Teddy Lucic  
 _3 Olof Mellberg_7 Niclas Alexandersson_9 Freddie Ljungberg_16 Kim Källström_6 Tobias Linderoth_11 Henrik Larsson_18 Mattias Jonson  _10 Zlatan Ibrahimovic",2006,25.5,0.16658730158730156,0.1613888888888889,0.16305555555555556,24174.0,28.25,0.15242760169355596,0.05903991477745598,0.11852254034227812,13712.0
20060624,Argentina,2,Mexico,1,19,25,2,4,0,0,8,2,6,5,5,3,51%,49%,11 (6),16 (9),0.6,0.2,1.6,0.2,0.2,-0.2,1 Roberto Abbondanzieri_6 Gabriel Heinze  _2 Roberto Ayala_13 Lionel Scaloni_3 Juan Pablo Sorin  _10 Juan Román Riquelme_5 Esteban Cambiasso_18 Maxi Rodríguez  _8 Javier Mascherano_9 Hernán Crespo  _7 Javier Saviola,"1 Oswaldo Javier Ibarra Sanchez_4 Rafael Márquez  
 _5 Ricardo Mendoza Osorio_15 Jose Antonio Gonzalez Castro  _18 Andrés Guardado_16 Mario Mendez_3 Carlos Salcido_8 Pavel Segura Pardo_9 Jared Francisco Echavarria Borgetti_11 Ramon Higuera Morales_17 Francisco Fonseca  ",2006,26.285714285714285,0.1600540843187902,0.008547008547008546,0.12708380428968666,16524.0,22.666666666666668,,,,0.0
20060625,England,1,Ecuador,0,13,22,3,3,0,0,3,6,5,7,3,4,51%,49%,10 (4),13 (4),0.8,0.2,2.2,0.4,0.2,0.2,1 Paul Robinson  _5 Rio Ferdinand_3 Ashley Cole_6 John Terry  _4 Steven Gerrard_18 Michael Carrick_11 Joe Cole_7 David Beckham  _8 Frank Lampard_16 Owen Hargreaves_9 Wayne Rooney,12 Cristian Rafael Medrano Mora_4 Ulises De la Cruz  _3 Ivan Jacinto Angulo Hurtado_17 Geovanny Espinoza_18 Neicer Reasco_20 Edwin Rolando Montano Tenorio_8 Edison Vicente Mendez Mendez_16 Antonio Valencia  _14 Segundo Castillo_11 Agustin Delgado_21 Carlos Vicente Medina Tenorio  ,2006,25.11111111111111,0.13369678624850115,0.11911807004128001,0.14926706290627778,32686.0,21.0,,,,0.0
20060625,Portugal,1,Netherlands,0,9,12,7,5,2,2,4,2,3,5,6,5,51%,49%,11 (6),25 (8),1.0,0.0,2.0,0.6,0.4,0.6,"1 Ricardo  _16 Ricardo Carvalho_5 Fernando Meira_13 Miguel_14 Nuno Valente  _7 Luis Figo  _20 Deco  
 _6 Costinha  
 _18 Maniche  
 _9 Pedro Miguel Pauleta_17 Cristiano Ronaldo","1 Edwin van der Sar_5 Giovanni Van Bronckhorst  
 _13 Andre Ooijer_3 Khalid Boulahrouz  
 _4 Joris Mathijsen_18 Mark Van Bommel  _8 Phillip Cocu_20 Wesley Sneijder  _11 Arjen Robben_7 Dirk Kuyt_17 Robin van Persie",2006,27.25,0.046378908447873964,0.0,0.14398963105859658,8471.0,25.0,0.331437736281361,0.23323097384943375,0.09092953401753058,14835.0
20060626,Italy,1,Australia,0,17,24,3,3,1,0,2,1,2,2,7,5,42%,58%,12 (7),10 (4),0.4,0.6,0.8,0.4,0.4,0.4,1 Gianluigi Buffon_23 Marco Materazzi  _5 Fabio Cannavaro_19 Gianluca Zambrotta  _3 Fabio Grosso  _8 Gennaro Gattuso  _21 Andrea Pirlo_20 Simone Perrotta_7 Alessandro Del Piero_9 Luca Toni_11 Alberto Gilardino,1 Mark Schwarzer_2 Lucas Neill_3 Craig Moore_14 Scott Chipperfield_4 Tim Cahill  _20 Luke Wilkshire  _21 Mile Sterjovski_5 Jason Culina_13 Vince Grella  _23 Marco Bresciano_9 Mark Viduka,2006,28.333333333333332,0.1423683558970047,0.021296181829836582,0.1811985103194838,31105.0,26.0,0.16573404295443767,0.06443973878184404,0.20008040550803707,20691.0
20060626,Switzerland,0,Ukraine,0,22,18,1,0,0,0,0,1,5,6,6,8,51%,49%,14 (5),16 (2),0.6,0.4,1.4,0.8,0.0,1.4,1 Pascal Zuberbuhler_20 Patrick Müller_3 Ludovic Magnin_23 Philipp Degen_2 Johan Djourou_22 Hakan Yakin_6 Johann Vogel_8 Raphael Wicky_7 Ricardo Cabanas_16 Tranquillo Barnetta  _9 Alexander Frei,1 Oleksandr Shovkovskiy_17 Vladislav Vashchuk_2 Andriy Nesmachniy_4 Anatoliy Tymoschuk_19 Maxim Kalinichenko_8 Oleg Shelayev_14 Andriy Gusin_9 Oleg Gusev_16 Andriy Vorobey_7 Andriy Shevchenko_10 Andriy Voronin,2006,24.88888888888889,0.0787858931577788,0.08919479001292935,0.1170521712614553,17333.0,26.0,0.25522727272727275,0.029166666666666667,0.1990530303030303,6708.0
20060627,Brazil,3,Ghana,0,16,22,2,5,0,1,5,4,3,4,7,7,51%,49%,13 (10),22 (9),1.0,0.0,2.2,0.8,0.0,1.2,"1 Dida_6 Roberto Carlos_2 Cafu_3 Lúcio_4 Juan  _5 Emerson Ferreira_11 Zé Roberto  _10 Ronaldinho_8 Kaká_9 Ronaldo  _7 Adriano  
 ","22 Richard Kingson_5 John Mensah_15 John Pantsil  _6 Emmanuel Pappoe_7 Illiasu Shilla_18 Eric Addo  _11 Sulley Muntari  _10 Stephen Appiah  _23 Haminu Draman_14 Matthew Amoah_3 Asamoah Gyan  
 ",2006,27.285714285714285,0.18986295186971108,0.15946706441774033,0.12218661712176508,25348.0,23.142857142857142,0.1038618925831202,0.023529411764705882,0.18697512206463612,8511.0
20060627,Spain,1,France,3,28,22,1,3,0,0,2,7,8,5,5,4,56%,44%,10 (5),10 (7),1.0,0.0,2.0,0.6,0.4,1.2,1 Iker Casillas_5 Carles Puyol  _22 Pablo Ibañez_3 Mariano Pernia_15 Sergio Ramos_8 Xavi_14 Xabi Alonso_18 Cesc Fàbregas_7 Raúl_9 Fernando Torres_21 David Villa  ,"16 Fabien Barthez_5 William Gallas_3 Eric Abidal_19 Willy Sagnol_15 Lilian Thuram_4 Patrick Vieira  
 _7 Florent Malouda_10 Zinedine Zidane  
 _6 Claude Makelele_12 Thierry Henry_22 Franck Ribéry  
 ",2006,23.0,0.15049788069884126,0.06833993371531288,0.1291350989151798,24075.0,28.0,0.18898595011126978,0.12170812989227313,0.07800400792728159,19044.0
20060630,Germany,1,Argentina,1,23,30,3,4,0,0,3,3,4,6,4,6,47%,53%,17 (7),13 (5),1.0,0.0,2.2,0.8,0.2,2.0,1 Jens Lehmann_21 Christoph Metzelder_3 Arne Friedrich  _16 Philip Lahm_17 Per Mertesacker_8 Torsten Frings_19 Bernd Schneider_13 Michael Ballack_7 Bastian Schweinsteiger_11 Miroslav Klose  _20 Lukas Podolski  ,1 Roberto Abbondanzieri_6 Gabriel Heinze_2 Roberto Ayala  _4 Fabricio Coloccini_3 Juan Pablo Sorin  _10 Juan Román Riquelme_18 Maxi Rodríguez  _8 Javier Mascherano  _22 Lucho González_9 Hernán Crespo_11 Carlos Tevez,2006,25.5,0.16658730158730156,0.1613888888888889,0.16305555555555556,24174.0,25.714285714285715,0.18120928620928622,0.010256410256410256,0.10496045819575231,12118.0
20060630,Italy,3,Ukraine,0,14,24,0,3,0,0,2,2,1,3,4,4,59%,41%,14 (9),15 (4),0.6,0.4,1.0,0.6,0.2,0.8,"1 Gianluigi Buffon_5 Fabio Cannavaro_19 Gianluca Zambrotta  _3 Fabio Grosso_6 Andrea Barzagli_10 Francesco Totti_8 Gennaro Gattuso_21 Andrea Pirlo_20 Simone Perrotta_16 Mauro Camoranesi_9 Luca Toni  
 ",1 Oleksandr Shovkovskiy_2 Andriy Nesmachniy_6 Andriy Rusol_22 Viacheslav Sviderskiy  _4 Anatoliy Tymoschuk_19 Maxim Kalinichenko  _8 Oleg Shelayev_14 Andriy Gusin_9 Oleg Gusev_7 Andriy Shevchenko_15 Artem Milevskiy  ,2006,27.25,0.08229346542478069,0.02681220184853906,0.19157698264600465,28795.0,25.0,0.2709415584415584,0.029166666666666667,0.2704816017316017,6456.0
20060701,England,0,Portugal,0,18,10,2,2,1,0,0,3,6,4,12,9,49%,51%,13 (7),26 (15),0.8,0.2,2.0,1.0,0.0,1.6,1 Paul Robinson_5 Rio Ferdinand_3 Ashley Cole_2 Gary Neville_6 John Terry  _4 Steven Gerrard_11 Joe Cole_7 David Beckham_8 Frank Lampard_16 Owen Hargreaves  _9 Wayne Rooney  ,1 Ricardo_16 Ricardo Carvalho  _5 Fernando Meira_13 Miguel_14 Nuno Valente_19 Tiago_8 Petit  _7 Luis Figo_18 Maniche_9 Pedro Miguel Pauleta_17 Cristiano Ronaldo,2006,25.88888888888889,0.1368713894231043,0.1291431326979216,0.15294291921371303,32580.0,26.857142857142858,0.06223231490507185,0.01520608243297319,0.1588156666852392,18098.0
20060701,Brazil,0,France,1,19,17,4,3,0,0,3,5,5,7,5,5,44%,56%,13 (5),15 (5),1.0,0.0,2.6,0.6,0.4,1.2,1 Dida_6 Roberto Carlos_2 Cafu  _3 Lúcio  _4 Juan  _19 Juninho Pernambucano_11 Zé Roberto_10 Ronaldinho_17 Gilberto Silva_8 Kaká_9 Ronaldo  ,16 Fabien Barthez_5 William Gallas_3 Eric Abidal_19 Willy Sagnol  _15 Lilian Thuram  _4 Patrick Vieira_7 Florent Malouda_10 Zinedine Zidane_6 Claude Makelele_12 Thierry Henry  _22 Franck Ribéry,2006,27.666666666666668,0.19371330533947756,0.13797329411140152,0.11478712195890371,30854.0,27.285714285714285,0.16588050239858787,0.12765794064661437,0.09959469953989501,25748.0
20060704,Germany,0,Italy,2,19,19,2,1,0,0,1,11,4,12,10,3,42%,58%,18 (6),18 (11),0.8,0.2,1.6,0.8,0.2,1.6,1 Jens Lehmann_21 Christoph Metzelder  _3 Arne Friedrich_16 Philip Lahm_17 Per Mertesacker_19 Bernd Schneider_13 Michael Ballack_18 Tim Borowski  _5 Sebastian Kehl_11 Miroslav Klose_20 Lukas Podolski,1 Gianluigi Buffon_23 Marco Materazzi_5 Fabio Cannavaro_19 Gianluca Zambrotta_3 Fabio Grosso  _10 Francesco Totti_8 Gennaro Gattuso_21 Andrea Pirlo_20 Simone Perrotta_16 Mauro Camoranesi  _9 Luca Toni,2006,25.75,0.18271625521625523,0.14173871923871922,0.1596913146913147,24802.0,28.11111111111111,0.13796456185906433,0.026919488062898914,0.2091795401297819,31909.0
20060705,Portugal,0,France,1,16,10,1,1,0,0,4,0,8,3,4,6,51%,49%,11 (6),6 (3),0.8,0.2,1.0,0.6,0.4,1.0,1 Ricardo_16 Ricardo Carvalho  _5 Fernando Meira_13 Miguel_14 Nuno Valente_7 Luis Figo_20 Deco_6 Costinha_18 Maniche_9 Pedro Miguel Pauleta_17 Cristiano Ronaldo,16 Fabien Barthez_5 William Gallas_3 Eric Abidal_19 Willy Sagnol_15 Lilian Thuram_4 Patrick Vieira_7 Florent Malouda_10 Zinedine Zidane  _6 Claude Makelele_12 Thierry Henry_22 Franck Ribéry,2006,27.571428571428573,0.07929134904504363,0.05047619047619047,0.1942525782919871,19891.0,27.285714285714285,0.16588050239858787,0.12765794064661437,0.09959469953989501,25748.0
20060708,Germany,3,Portugal,1,14,15,2,3,0,0,1,3,2,7,8,7,48%,52%,16 (5),17 (10),0.6,0.2,0.8,0.6,0.2,0.6,"12 Oliver Kahn_21 Christoph Metzelder_6 Jens Nowotny_16 Philip Lahm_2 Marcell Jansen_8 Torsten Frings  _19 Bernd Schneider_7 Bastian Schweinsteiger  
  _5 Sebastian Kehl_11 Miroslav Klose_20 Lukas Podolski",1 Ricardo_5 Fernando Meira_2 Paulo Ferreira  _14 Nuno Valente_4 Ricardo Costa  _20 Deco_6 Costinha  _18 Maniche_9 Pedro Miguel Pauleta_11 Simão_17 Cristiano Ronaldo,2006,25.625,0.12070582836711868,0.11382920939372551,0.13107927261153068,22601.0,27.0,0.11814439033189034,0.04694444444444444,0.19570365567697884,24356.0
20060709,Italy,1,France,1,15,24,1,3,0,1,4,2,5,7,6,1,51%,49%,6 (2),14 (7),0.8,0.2,1.6,0.8,0.2,1.2,1 Gianluigi Buffon_23 Marco Materazzi  _5 Fabio Cannavaro_19 Gianluca Zambrotta  _3 Fabio Grosso_10 Francesco Totti_8 Gennaro Gattuso_21 Andrea Pirlo_20 Simone Perrotta_16 Mauro Camoranesi_9 Luca Toni,"16 Fabien Barthez_5 William Gallas_3 Eric Abidal_19 Willy Sagnol  _15 Lilian Thuram_4 Patrick Vieira_7 Florent Malouda  _10 Zinedine Zidane  
 _6 Claude Makelele_12 Thierry Henry_22 Franck Ribéry",2006,28.11111111111111,0.13796456185906433,0.026919488062898914,0.2091795401297819,31909.0,27.285714285714285,0.16588050239858787,0.12765794064661437,0.09959469953989501,25748.0
