,name,link,age,value
0,Kossi Agassa,https://www.transfermarkt.co.uk/kossi-agassa/profil/spieler/12028,26,£675k  
1,Ouro-Nimini Tchagnirou,https://www.transfermarkt.co.uk/ouro-nimini-tchagnirou/profil/spieler/40015,27, 
2,Éric Akoto,https://www.transfermarkt.co.uk/eric-akoto/profil/spieler/2957,24,£540k  
3,Franck Atsou,https://www.transfermarkt.co.uk/franck-atsou/profil/spieler/15877,26,£45k  
4,Jean-Paul Abalo,https://www.transfermarkt.co.uk/jean-paul-abalo/profil/spieler/40008,30, 
5,Emmanuel Mathias,https://www.transfermarkt.co.uk/emmanuel-mathias/profil/spieler/49845,19, 
6,Ludovic Assemoassa,https://www.transfermarkt.co.uk/ludovic-assemoassa/profil/spieler/23887,24,- 
7,Cheriffe Maman-Touré,https://www.transfermarkt.co.uk/cheriffe-maman-toure/profil/spieler/13369,27,£135k  
8,Haliru Alidu,https://www.transfermarkt.co.uk/haliru-alidu/profil/spieler/170335,21, 
9,Yao Aziawonou,https://www.transfermarkt.co.uk/yao-aziawonou/profil/spieler/4870,25,£810k  
10,Alaixys Romao,https://www.transfermarkt.co.uk/alaixys-romao/profil/spieler/40014,21, 
11,Moustapha Salifou,https://www.transfermarkt.co.uk/moustapha-salifou/profil/spieler/1778,22,£270k  
12,Emmanuel Adebayor,https://www.transfermarkt.co.uk/emmanuel-adebayor/profil/spieler/8883,21,£8.10m  
13,Mickaël Dodji Dogbé,https://www.transfermarkt.co.uk/mickael-dodji-dogbe/profil/spieler/17423,28,- 
14,Yao Junior Sènaya,https://www.transfermarkt.co.uk/yao-junior-senaya/profil/spieler/19280,21,- 
15,Robert Malm,https://www.transfermarkt.co.uk/robert-malm/profil/spieler/31373,31, 
16,Kodjovi Obilale,https://www.transfermarkt.co.uk/kodjovi-obilale/profil/spieler/40011,20, 
17,Salifou Safiou,https://www.transfermarkt.co.uk/salifou-safiou/profil/spieler/160356,22, 
18,Daré Nibombé,https://www.transfermarkt.co.uk/dare-nibombe/profil/spieler/12967,25,£315k  
19,Assimiou Touré,https://www.transfermarkt.co.uk/assimiou-toure/profil/spieler/39107,17, 
20,Massamasso Tchangai,https://www.transfermarkt.co.uk/massamasso-tchangai/profil/spieler/40016,26, 
21,Zanzan Atte-Oudeyi,https://www.transfermarkt.co.uk/zanzan-atte-oudeyi/profil/spieler/13003,24,£450k  
22,Abdoul Gafar Mamah,https://www.transfermarkt.co.uk/abdoul-gafar-mamah/profil/spieler/45346,19, 
23,Affo Erassa,https://www.transfermarkt.co.uk/affo-erassa/profil/spieler/23922,22,£68k  
24,Kassim Guyazou,https://www.transfermarkt.co.uk/kassim-guyazou/profil/spieler/74191,23, 
25,Kuami Agboh,https://www.transfermarkt.co.uk/kuami-agboh/profil/spieler/5426,27,£45k  
26,Richmond Forson,https://www.transfermarkt.co.uk/richmond-forson/profil/spieler/39999,25, 
27,Adékambi Olufadé,https://www.transfermarkt.co.uk/adekambi-olufade/profil/spieler/5655,25,£675k  
28,Mohamed Kader,https://www.transfermarkt.co.uk/mohamed-kader/profil/spieler/4823,26,£1.13m  
29,Sherif Touré,https://www.transfermarkt.co.uk/sherif-toure/profil/spieler/900,23,- 
30,Thomas Dossevi,https://www.transfermarkt.co.uk/thomas-dossevi/profil/spieler/29289,26, 
31,Justo Villar,https://www.transfermarkt.co.uk/justo-villar/profil/spieler/38811,28, 
32,Aldo Bobadilla,https://www.transfermarkt.co.uk/aldo-bobadilla/profil/spieler/30775,29, 
33,Carlos Gamarra,https://www.transfermarkt.co.uk/carlos-gamarra/profil/spieler/5779,34,£1.80m  
34,Julio Cáceres,https://www.transfermarkt.co.uk/julio-caceres/profil/spieler/18733,25,£1.58m  
35,Héctor Sosa,https://www.transfermarkt.co.uk/hector-sosa/profil/spieler/67833,26, 
36,Julio Manzur,https://www.transfermarkt.co.uk/julio-manzur/profil/spieler/39574,24, 
37,Jorge Núñez,https://www.transfermarkt.co.uk/jorge-nunez/profil/spieler/30887,27, 
38,Denis Caniza,https://www.transfermarkt.co.uk/denis-caniza/profil/spieler/38786,30, 
39,Carlos Paredes,https://www.transfermarkt.co.uk/carlos-paredes/profil/spieler/6068,28,£810k  
40,Édgar Barreto,https://www.transfermarkt.co.uk/edgar-barreto/profil/spieler/16120,20,£2.03m  
41,Julio dos Santos,https://www.transfermarkt.co.uk/julio-dos-santos/profil/spieler/28944,22,£1.35m  
42,Domingo Salcedo,https://www.transfermarkt.co.uk/domingo-salcedo/profil/spieler/55944,21, 
43,Wálter Fretes,https://www.transfermarkt.co.uk/walter-fretes/profil/spieler/53948,23, 
44,José Montiel,https://www.transfermarkt.co.uk/jose-montiel/profil/spieler/38803,17, 
45,Nelson Valdez,https://www.transfermarkt.co.uk/nelson-valdez/profil/spieler/2050,21,£4.50m  
46,Dante López,https://www.transfermarkt.co.uk/dante-lopez/profil/spieler/18535,21,- 
47,Julio Martínez,https://www.transfermarkt.co.uk/julio-martinez/profil/spieler/75536,23, 
48,Salvador Cabañas,https://www.transfermarkt.co.uk/salvador-cabanas/profil/spieler/38785,24, 
49,Derlis Gómez,https://www.transfermarkt.co.uk/derlis-gomez/profil/spieler/38791,32, 
50,Ignacio Paniagua,https://www.transfermarkt.co.uk/ignacio-paniagua/profil/spieler/73392,25, 
51,Pedro Benítez,https://www.transfermarkt.co.uk/pedro-benitez/profil/spieler/28877,24,£1.58m  
52,Juan Daniel Cáceres,https://www.transfermarkt.co.uk/juan-daniel-caceres/profil/spieler/27450,31, 
53,Paulo da Silva,https://www.transfermarkt.co.uk/paulo-da-silva/profil/spieler/38800,25, 
54,Delio Toledo,https://www.transfermarkt.co.uk/delio-toledo/profil/spieler/7969,28,£270k  
55,Carlos Bonet,https://www.transfermarkt.co.uk/carlos-bonet/profil/spieler/38783,27, 
56,Luis Núñez,https://www.transfermarkt.co.uk/luis-nunez/profil/spieler/73390,25, 
57,Cristian Riveros,https://www.transfermarkt.co.uk/cristian-riveros/profil/spieler/37713,22, 
58,Diego Gavilán,https://www.transfermarkt.co.uk/diego-gavilan/profil/spieler/4087,25,£1.35m  
59,Roberto Acuña,https://www.transfermarkt.co.uk/roberto-acuna/profil/spieler/7495,33,£1.13m  
60,Carlos Ruiz,https://www.transfermarkt.co.uk/carlos-ruiz/profil/spieler/100253,20, 
61,Raúl Roman,https://www.transfermarkt.co.uk/raul-roman/profil/spieler/99813,27, 
62,Nelson Cuevas,https://www.transfermarkt.co.uk/nelson-cuevas/profil/spieler/26259,25,£1.35m  
63,Roque Santa Cruz,https://www.transfermarkt.co.uk/roque-santa-cruz/profil/spieler/215,23,£3.60m  
64,José Cardozo,https://www.transfermarkt.co.uk/jose-cardozo/profil/spieler/38788,34, 
65,César Ramírez,https://www.transfermarkt.co.uk/cesar-ramirez/profil/spieler/107337,28, 
66,Shaka Hislop,https://www.transfermarkt.co.uk/shaka-hislop/profil/spieler/4175,36,£1.35m  
67,Clayton Ince,https://www.transfermarkt.co.uk/clayton-ince/profil/spieler/14155,32,£113k  
68,Marvin Andrews,https://www.transfermarkt.co.uk/marvin-andrews/profil/spieler/13262,29,£900k  
69,Ian Cox,https://www.transfermarkt.co.uk/ian-cox/profil/spieler/14001,34,£45k  
70,Atiba Charles,https://www.transfermarkt.co.uk/atiba-charles/profil/spieler/27713,27, 
71,Cyd Gray,https://www.transfermarkt.co.uk/cyd-gray/profil/spieler/35842,28, 
72,Kevon Neaves,https://www.transfermarkt.co.uk/kevon-neaves/profil/spieler/237904,19, 
73,Silvio Spann,https://www.transfermarkt.co.uk/silvio-spann/profil/spieler/35845,23, 
74,Ricky Shakes,https://www.transfermarkt.co.uk/ricky-shakes/profil/spieler/28939,20,£45k  
75,Russell Latapy,https://www.transfermarkt.co.uk/russell-latapy/profil/spieler/11357,36,£113k  
76,Collin Samuel,https://www.transfermarkt.co.uk/collin-samuel/profil/spieler/3983,23,£225k  
77,Stern John,https://www.transfermarkt.co.uk/stern-john/profil/spieler/3793,28,£1.13m  
78,Kenwyne Jones,https://www.transfermarkt.co.uk/kenwyne-jones/profil/spieler/28245,20,£45k  
79,Anthony Wolfe,https://www.transfermarkt.co.uk/anthony-wolfe/profil/spieler/37965,21, 
80,Kelvin Jack,https://www.transfermarkt.co.uk/kelvin-jack/profil/spieler/21378,29,£135k  
81,Tony Warner,https://www.transfermarkt.co.uk/tony-warner/profil/spieler/10259,31,£45k  
82,Brent Sancho,https://www.transfermarkt.co.uk/brent-sancho/profil/spieler/12849,28,£405k  
83,Dennis Lawrence,https://www.transfermarkt.co.uk/dennis-lawrence/profil/spieler/35844,30, 
84,Avery John,https://www.transfermarkt.co.uk/avery-john/profil/spieler/35843,30, 
85,Carlos Edwards,https://www.transfermarkt.co.uk/carlos-edwards/profil/spieler/33489,26, 
86,Aurtis Whitley,https://www.transfermarkt.co.uk/aurtis-whitley/profil/spieler/35848,28, 
87,Densill Theobald,https://www.transfermarkt.co.uk/densill-theobald/profil/spieler/37126,23, 
88,Chris Birchall,https://www.transfermarkt.co.uk/chris-birchall/profil/spieler/35840,21, 
89,Evans Wise,https://www.transfermarkt.co.uk/evans-wise/profil/spieler/579,31,£135k  
90,Dwight Yorke,https://www.transfermarkt.co.uk/dwight-yorke/profil/spieler/3223,33,£2.48m  
91,Jason Scotland,https://www.transfermarkt.co.uk/jason-scotland/profil/spieler/12807,26,£225k  
92,Cornell Glen,https://www.transfermarkt.co.uk/cornell-glen/profil/spieler/35841,23, 
93,Paul Robinson,https://www.transfermarkt.co.uk/paul-robinson/profil/spieler/3630,25,£7.07m  
94,David James,https://www.transfermarkt.co.uk/david-james/profil/spieler/3646,34,£4.05m  
95,Ben Foster,https://www.transfermarkt.co.uk/ben-foster/profil/spieler/13572,22,£45k  
96,John Terry,https://www.transfermarkt.co.uk/john-terry/profil/spieler/3160,24,£21.60m  
97,Ledley King,https://www.transfermarkt.co.uk/ledley-king/profil/spieler/3360,24,£9.90m  
98,Michael Dawson,https://www.transfermarkt.co.uk/michael-dawson/profil/spieler/9988,21,£6.30m  
99,Wes Brown,https://www.transfermarkt.co.uk/wes-brown/profil/spieler/3405,25,£4.05m  
100,Wayne Bridge,https://www.transfermarkt.co.uk/wayne-bridge/profil/spieler/3682,24,£8.10m  
101,Kieran Richardson,https://www.transfermarkt.co.uk/kieran-richardson/profil/spieler/3548,20,£450k  
102,Glen Johnson,https://www.transfermarkt.co.uk/glen-johnson/profil/spieler/3881,20,£6.30m  
103,Luke Young,https://www.transfermarkt.co.uk/luke-young/profil/spieler/3271,25,£3.78m  
104,Michael Carrick,https://www.transfermarkt.co.uk/michael-carrick/profil/spieler/3878,23,£5.85m  
105,Steven Gerrard,https://www.transfermarkt.co.uk/steven-gerrard/profil/spieler/3109,25,£27.00m  
106,David Beckham,https://www.transfermarkt.co.uk/david-beckham/profil/spieler/3139,30,£25.20m  
107,Joe Cole,https://www.transfermarkt.co.uk/joe-cole/profil/spieler/3876,23,£8.10m  
108,Aaron Lennon,https://www.transfermarkt.co.uk/aaron-lennon/profil/spieler/14221,18,£270k  
109,Wayne Rooney,https://www.transfermarkt.co.uk/wayne-rooney/profil/spieler/3332,19,£27.90m  
110,Jermain Defoe,https://www.transfermarkt.co.uk/jermain-defoe/profil/spieler/3875,22,£13.50m  
111,Darren Bent,https://www.transfermarkt.co.uk/darren-bent/profil/spieler/13239,21,£3.15m  
112,Robert Green,https://www.transfermarkt.co.uk/robert-green/profil/spieler/11680,25,£4.50m  
113,Scott Carson,https://www.transfermarkt.co.uk/scott-carson/profil/spieler/14555,19,£1.35m  
114,Rio Ferdinand,https://www.transfermarkt.co.uk/rio-ferdinand/profil/spieler/3235,26,£26.55m  
115,Sol Campbell,https://www.transfermarkt.co.uk/sol-campbell/profil/spieler/3198,30,£18.45m  
116,Jamie Carragher,https://www.transfermarkt.co.uk/jamie-carragher/profil/spieler/3597,27,£6.75m  
117,Matthew Upson,https://www.transfermarkt.co.uk/matthew-upson/profil/spieler/3273,26,£4.50m  
118,Ashley Cole,https://www.transfermarkt.co.uk/ashley-cole/profil/spieler/3182,24,£17.55m  
119,Paul Konchesky,https://www.transfermarkt.co.uk/paul-konchesky/profil/spieler/3296,24,£3.15m  
120,Gary Neville,https://www.transfermarkt.co.uk/gary-neville/profil/spieler/3403,30,£6.53m  
121,Phil Neville,https://www.transfermarkt.co.uk/phil-neville/profil/spieler/3404,28,£4.50m  
122,Owen Hargreaves,https://www.transfermarkt.co.uk/owen-hargreaves/profil/spieler/201,24,£6.75m  
123,Frank Lampard,https://www.transfermarkt.co.uk/frank-lampard/profil/spieler/3163,27,£28.80m  
124,Jermaine Jenas,https://www.transfermarkt.co.uk/jermaine-jenas/profil/spieler/3461,22,£8.10m  
125,Stewart Downing,https://www.transfermarkt.co.uk/stewart-downing/profil/spieler/4063,20,£3.60m  
126,Shaun Wright-Phillips,https://www.transfermarkt.co.uk/shaun-wright-phillips/profil/spieler/3467,23,£8.55m  
127,Theo Walcott,https://www.transfermarkt.co.uk/theo-walcott/profil/spieler/33713,16, 
128,Michael Owen,https://www.transfermarkt.co.uk/michael-owen/profil/spieler/1397,25,£19.80m  
129,Andy Johnson,https://www.transfermarkt.co.uk/andy-johnson/profil/spieler/14031,24,£3.60m  
130,Peter Crouch,https://www.transfermarkt.co.uk/peter-crouch/profil/spieler/4072,24,£2.57m  
131,Joey Didulica,https://www.transfermarkt.co.uk/joey-didulica/profil/spieler/4309,27,£3.15m  
132,Tomislav Butina,https://www.transfermarkt.co.uk/tomislav-butina/profil/spieler/9628,31,£1.35m  
133,Josip Simunic,https://www.transfermarkt.co.uk/josip-simunic/profil/spieler/354,27,£4.05m  
134,Igor Tudor,https://www.transfermarkt.co.uk/igor-tudor/profil/spieler/5752,27,£3.60m  
135,Dario Simic,https://www.transfermarkt.co.uk/dario-simic/profil/spieler/2540,29,£1.80m  
136,Darijo Srna,https://www.transfermarkt.co.uk/darijo-srna/profil/spieler/14942,23,£2.07m  
137,Jerko Leko,https://www.transfermarkt.co.uk/jerko-leko/profil/spieler/9799,25,£4.50m  
138,Niko Kovac,https://www.transfermarkt.co.uk/niko-kovac/profil/spieler/315,33,£1.35m  
139,Marko Babic,https://www.transfermarkt.co.uk/marko-babic/profil/spieler/62,24,£2.25m  
140,Ivan Leko,https://www.transfermarkt.co.uk/ivan-leko/profil/spieler/7784,27,£2.25m  
141,Dado Prso,https://www.transfermarkt.co.uk/dado-prso/profil/spieler/4178,30,£6.75m  
142,Bosko Balaban,https://www.transfermarkt.co.uk/bosko-balaban/profil/spieler/3285,26,£5.40m  
143,Mladen Petric,https://www.transfermarkt.co.uk/mladen-petric/profil/spieler/2874,24,£2.48m  
144,Stipe Pletikosa,https://www.transfermarkt.co.uk/stipe-pletikosa/profil/spieler/14937,26,£1.35m  
145,Robert Kovac,https://www.transfermarkt.co.uk/robert-kovac/profil/spieler/75,31,£4.05m  
146,Stjepan Tomas,https://www.transfermarkt.co.uk/stjepan-tomas/profil/spieler/13937,29,£3.60m  
147,Mario Tokic,https://www.transfermarkt.co.uk/mario-tokic/profil/spieler/4994,29,£2.03m  
148,Anthony Seric,https://www.transfermarkt.co.uk/anthony-seric/profil/spieler/5967,26,£540k  
149,Marijan Buljat,https://www.transfermarkt.co.uk/marijan-buljat/profil/spieler/1449,23,£270k  
150,Jurica Vranjes,https://www.transfermarkt.co.uk/jurica-vranjes/profil/spieler/92,25,£1.80m  
151,Luka Modric,https://www.transfermarkt.co.uk/luka-modric/profil/spieler/27992,19, 
152,Niko Kranjcar,https://www.transfermarkt.co.uk/niko-kranjcar/profil/spieler/16746,20,£4.50m  
153,Ivan Bosnjak,https://www.transfermarkt.co.uk/ivan-bosnjak/profil/spieler/24605,26,- 
154,Ivan Klasnic,https://www.transfermarkt.co.uk/ivan-klasnic/profil/spieler/690,25,£6.75m  
155,Ivica Olic,https://www.transfermarkt.co.uk/ivica-olic/profil/spieler/7427,25,£4.73m  
156,Adrián de Lemos,https://www.transfermarkt.co.uk/adrian-de-lemos/profil/spieler/39580,22, 
157,Francisco Porras,https://www.transfermarkt.co.uk/francisco-porras/profil/spieler/35377,34, 
158,Gilberto Martínez,https://www.transfermarkt.co.uk/gilberto-martinez/profil/spieler/5969,25,£2.70m  
159,Roy Myrie,https://www.transfermarkt.co.uk/roy-myrie/profil/spieler/32572,22, 
160,Luis Marín,https://www.transfermarkt.co.uk/luis-marin/profil/spieler/35375,30, 
161,Gabriel Badilla,https://www.transfermarkt.co.uk/gabriel-badilla/profil/spieler/39566,21, 
162,Michael Rodríguez,https://www.transfermarkt.co.uk/michael-rodriguez/profil/spieler/38665,23, 
163,Júnior Díaz,https://www.transfermarkt.co.uk/junior-diaz/profil/spieler/35383,21, 
164,Carlos Johnson,https://www.transfermarkt.co.uk/carlos-johnson/profil/spieler/38230,20, 
165,Hárold Wallace,https://www.transfermarkt.co.uk/harold-wallace/profil/spieler/36968,29, 
166,Randall Azofeifa,https://www.transfermarkt.co.uk/randall-azofeifa/profil/spieler/39564,20, 
167,Bryan Ruíz,https://www.transfermarkt.co.uk/bryan-ruiz/profil/spieler/39642,19, 
168,Carlos Hernández,https://www.transfermarkt.co.uk/carlos-hernandez/profil/spieler/35373,23, 
169,Paulo Wanchope,https://www.transfermarkt.co.uk/paulo-wanchope/profil/spieler/3230,28,£4.05m  
170,Rónald Gómez,https://www.transfermarkt.co.uk/ronald-gomez/profil/spieler/35372,30, 
171,Álvaro Saborío,https://www.transfermarkt.co.uk/alvaro-saborio/profil/spieler/35378,23, 
172,Álvaro Mesén,https://www.transfermarkt.co.uk/alvaro-mesen/profil/spieler/38233,32, 
173,Wardy Alfaro,https://www.transfermarkt.co.uk/wardy-alfaro/profil/spieler/38236,27, 
174,Roy Miller,https://www.transfermarkt.co.uk/roy-miller/profil/spieler/36454,20, 
175,Pablo Salazar,https://www.transfermarkt.co.uk/pablo-salazar/profil/spieler/118066,22, 
176,Michael Umaña,https://www.transfermarkt.co.uk/michael-umana/profil/spieler/35380,22, 
177,Douglas Sequeira,https://www.transfermarkt.co.uk/douglas-sequeira/profil/spieler/35365,27, 
178,Carlos Castro,https://www.transfermarkt.co.uk/carlos-castro/profil/spieler/15855,26,£45k  
179,Leonardo González,https://www.transfermarkt.co.uk/leonardo-gonzalez/profil/spieler/38222,24, 
180,Jervis Drummond,https://www.transfermarkt.co.uk/jervis-drummond/profil/spieler/38228,28, 
181,Danny Fonseca,https://www.transfermarkt.co.uk/danny-fonseca/profil/spieler/35384,25, 
182,Mauricio Solís,https://www.transfermarkt.co.uk/mauricio-solis/profil/spieler/16446,32,£270k  
183,Wálter Centeno,https://www.transfermarkt.co.uk/walter-centeno/profil/spieler/35371,30, 
184,Christian Bolaños,https://www.transfermarkt.co.uk/christian-bolanos/profil/spieler/38163,21, 
185,Winston Parks,https://www.transfermarkt.co.uk/winston-parks/profil/spieler/9655,23,£2.25m  
186,Kurt Bernard,https://www.transfermarkt.co.uk/kurt-bernard/profil/spieler/39653,27, 
187,Víctor Núnez,https://www.transfermarkt.co.uk/victor-nunez/profil/spieler/39633,25, 
188,Gianluigi Buffon,https://www.transfermarkt.co.uk/gianluigi-buffon/profil/spieler/5023,27,£25.20m  
189,Christian Abbiati,https://www.transfermarkt.co.uk/christian-abbiati/profil/spieler/3507,27,£2.70m  
190,Flavio Roma,https://www.transfermarkt.co.uk/flavio-roma/profil/spieler/5281,31,£1.80m  
191,Alessandro Nesta,https://www.transfermarkt.co.uk/alessandro-nesta/profil/spieler/4171,29,£29.70m  
192,Daniele Bonera,https://www.transfermarkt.co.uk/daniele-bonera/profil/spieler/5856,24,£9.90m  
193,Andrea Barzagli,https://www.transfermarkt.co.uk/andrea-barzagli/profil/spieler/7109,24,£6.30m  
194,Fabio Grosso,https://www.transfermarkt.co.uk/fabio-grosso/profil/spieler/6091,27,£4.50m  
195,Gianluca Zambrotta,https://www.transfermarkt.co.uk/gianluca-zambrotta/profil/spieler/5757,28,£25.20m  
196,Andrea Pirlo,https://www.transfermarkt.co.uk/andrea-pirlo/profil/spieler/5817,26,£18.00m  
197,Gennaro Gattuso,https://www.transfermarkt.co.uk/gennaro-gattuso/profil/spieler/5813,27,£22.50m  
198,Mauro Germán Camoranesi,https://www.transfermarkt.co.uk/mauro-german-camoranesi/profil/spieler/5762,28,£10.80m  
199,Simone Perrotta,https://www.transfermarkt.co.uk/simone-perrotta/profil/spieler/5922,27,£9.00m  
200,Francesco Totti,https://www.transfermarkt.co.uk/francesco-totti/profil/spieler/5958,28,£31.50m  
201,Luca Toni,https://www.transfermarkt.co.uk/luca-toni/profil/spieler/5980,28,£13.50m  
202,Filippo Inzaghi,https://www.transfermarkt.co.uk/filippo-inzaghi/profil/spieler/5821,31,£9.00m  
203,Morgan De Sanctis,https://www.transfermarkt.co.uk/morgan-de-sanctis/profil/spieler/5880,28,£4.50m  
204,Marco Amelia,https://www.transfermarkt.co.uk/marco-amelia/profil/spieler/16810,23,£2.70m  
205,Angelo Peruzzi,https://www.transfermarkt.co.uk/angelo-peruzzi/profil/spieler/5826,35,£1.80m  
206,Fabio Cannavaro,https://www.transfermarkt.co.uk/fabio-cannavaro/profil/spieler/5775,31,£12.60m  
207,Cristian Zaccardo,https://www.transfermarkt.co.uk/cristian-zaccardo/profil/spieler/5993,23,£7.20m  
208,Marco Materazzi,https://www.transfermarkt.co.uk/marco-materazzi/profil/spieler/5778,31,£4.50m  
209,Manuel Pasqual,https://www.transfermarkt.co.uk/manuel-pasqual/profil/spieler/23284,23,£1.53m  
210,Massimo Oddo,https://www.transfermarkt.co.uk/massimo-oddo/profil/spieler/5837,29,£8.10m  
211,Daniele De Rossi,https://www.transfermarkt.co.uk/daniele-de-rossi/profil/spieler/5947,21,£12.60m  
212,Simone Barone,https://www.transfermarkt.co.uk/simone-barone/profil/spieler/5866,27,£6.30m  
213,Aimo Diana,https://www.transfermarkt.co.uk/aimo-diana/profil/spieler/6749,27,£6.75m  
214,Alessandro Del Piero,https://www.transfermarkt.co.uk/alessandro-del-piero/profil/spieler/4289,30,£16.20m  
215,Alberto Gilardino,https://www.transfermarkt.co.uk/alberto-gilardino/profil/spieler/5878,22,£18.00m  
216,Christian Vieri,https://www.transfermarkt.co.uk/christian-vieri/profil/spieler/5797,31,£10.80m  
217,Vincenzo Iaquinta,https://www.transfermarkt.co.uk/vincenzo-iaquinta/profil/spieler/5904,25,£5.40m  
218,Leo Franco,https://www.transfermarkt.co.uk/leo-franco/profil/spieler/7669,28,£5.40m  
219,Germán Lux,https://www.transfermarkt.co.uk/german-lux/profil/spieler/19979,22,£1.26m  
220,Roberto Abbondanzieri,https://www.transfermarkt.co.uk/roberto-abbondanzieri/profil/spieler/19937,32,£675k  
221,Gabriel Heinze,https://www.transfermarkt.co.uk/gabriel-heinze/profil/spieler/5555,27,£13.05m  
222,Gabriel Milito,https://www.transfermarkt.co.uk/gabriel-milito/profil/spieler/7968,24,£7.65m  
223,Martín Demichelis,https://www.transfermarkt.co.uk/martin-demichelis/profil/spieler/2963,24,£4.50m  
224,Gonzalo Rodríguez,https://www.transfermarkt.co.uk/gonzalo-rodriguez/profil/spieler/19998,21,£3.60m  
225,Diego Placente,https://www.transfermarkt.co.uk/diego-placente/profil/spieler/76,28,£4.05m  
226,Javier Zanetti,https://www.transfermarkt.co.uk/javier-zanetti/profil/spieler/1161,31,£9.90m  
227,Pablo Zabaleta,https://www.transfermarkt.co.uk/pablo-zabaleta/profil/spieler/20007,20,- 
228,Esteban Cambiasso,https://www.transfermarkt.co.uk/esteban-cambiasso/profil/spieler/7520,24,£9.00m  
229,Lucas Bernardi,https://www.transfermarkt.co.uk/lucas-bernardi/profil/spieler/5294,27,£5.40m  
230,Pablo Aimar,https://www.transfermarkt.co.uk/pablo-aimar/profil/spieler/3411,25,£14.85m  
231,Andrés D'Alessandro,https://www.transfermarkt.co.uk/andres-dalessandro/profil/spieler/3445,24,£9.90m  
232,Mario Santana,https://www.transfermarkt.co.uk/mario-santana/profil/spieler/6721,23,£3.60m  
233,Luciano Galletti,https://www.transfermarkt.co.uk/luciano-galletti/profil/spieler/7978,25,£1.80m  
234,Carlos Tévez,https://www.transfermarkt.co.uk/carlos-tevez/profil/spieler/4276,21,£13.50m  
235,Hernán Crespo,https://www.transfermarkt.co.uk/hernan-crespo/profil/spieler/3410,29,£13.50m  
236,Lisandro López,https://www.transfermarkt.co.uk/lisandro-lopez/profil/spieler/27661,22,£4.95m  
237,Luciano Figueroa,https://www.transfermarkt.co.uk/luciano-figueroa/profil/spieler/7133,24,£3.38m  
238,Óscar Ustari,https://www.transfermarkt.co.uk/oscar-ustari/profil/spieler/3755,18,£1.35m  
239,Willy Caballero,https://www.transfermarkt.co.uk/willy-caballero/profil/spieler/19948,23,£1.13m  
240,Wálter Samuel,https://www.transfermarkt.co.uk/walter-samuel/profil/spieler/5938,27,£15.30m  
241,Roberto Ayala,https://www.transfermarkt.co.uk/roberto-ayala/profil/spieler/7565,32,£8.10m  
242,Fabricio Coloccini,https://www.transfermarkt.co.uk/fabricio-coloccini/profil/spieler/6150,23,£7.20m  
243,Nicolás Burdisso,https://www.transfermarkt.co.uk/nicolas-burdisso/profil/spieler/3417,24,£4.50m  
244,Juan Pablo Sorín,https://www.transfermarkt.co.uk/juan-pablo-sorin/profil/spieler/7925,29,£4.95m  
245,Leandro Cufré,https://www.transfermarkt.co.uk/leandro-cufre/profil/spieler/5945,27,£3.60m  
246,Lionel Scaloni,https://www.transfermarkt.co.uk/lionel-scaloni/profil/spieler/7499,27,£5.18m  
247,Javier Mascherano,https://www.transfermarkt.co.uk/javier-mascherano/profil/spieler/19981,21,£10.62m  
248,Leonardo Ponzio,https://www.transfermarkt.co.uk/leonardo-ponzio/profil/spieler/7987,23,£810k  
249,Lucho González,https://www.transfermarkt.co.uk/lucho-gonzalez/profil/spieler/26244,24,£5.40m  
250,Juan Riquelme,https://www.transfermarkt.co.uk/juan-riquelme/profil/spieler/3854,27,£13.50m  
251,Maxi Rodríguez,https://www.transfermarkt.co.uk/maxi-rodriguez/profil/spieler/7895,24,£6.30m  
252,Lionel Messi,https://www.transfermarkt.co.uk/lionel-messi/profil/spieler/28003,18,£2.70m  
253,César Delgado,https://www.transfermarkt.co.uk/cesar-delgado/profil/spieler/31427,23,£1.08m  
254,Javier Saviola,https://www.transfermarkt.co.uk/javier-saviola/profil/spieler/7611,23,£10.35m  
255,Julio Cruz,https://www.transfermarkt.co.uk/julio-cruz/profil/spieler/6006,30,£6.30m  
256,Diego Milito,https://www.transfermarkt.co.uk/diego-milito/profil/spieler/22202,26,£3.60m  
257,Rodrigo Palacio,https://www.transfermarkt.co.uk/rodrigo-palacio/profil/spieler/39099,23, 
258,Oswaldo Sánchez,https://www.transfermarkt.co.uk/oswaldo-sanchez/profil/spieler/29561,31,£900k  
259,Jesús Corona,https://www.transfermarkt.co.uk/jesus-corona/profil/spieler/29574,24,£225k  
260,Rafael Márquez,https://www.transfermarkt.co.uk/rafael-marquez/profil/spieler/2904,26,£10.80m  
261,Carlos Salcido,https://www.transfermarkt.co.uk/carlos-salcido/profil/spieler/31434,25,£900k  
262,Duilio Davino,https://www.transfermarkt.co.uk/duilio-davino/profil/spieler/29563,29, 
263,Claudio Suárez,https://www.transfermarkt.co.uk/claudio-suarez/profil/spieler/39494,36, 
264,José Antonio Olvera,https://www.transfermarkt.co.uk/jose-antonio-olvera/profil/spieler/50974,19, 
265,Ricardo Osorio,https://www.transfermarkt.co.uk/ricardo-osorio/profil/spieler/31352,25,£1.35m  
266,Óscar Rojas,https://www.transfermarkt.co.uk/oscar-rojas/profil/spieler/43718,23, 
267,José Antonio Castro,https://www.transfermarkt.co.uk/jose-antonio-castro/profil/spieler/35787,24, 
268,Pável Pardo,https://www.transfermarkt.co.uk/pavel-pardo/profil/spieler/29579,28,£1.80m  
269,Luis Ernesto Pérez,https://www.transfermarkt.co.uk/luis-ernesto-perez/profil/spieler/31438,24,£1.80m  
270,Juan Pablo Rodríguez,https://www.transfermarkt.co.uk/juan-pablo-rodriguez/profil/spieler/20136,25,- 
271,Israel López,https://www.transfermarkt.co.uk/israel-lopez/profil/spieler/53184,30, 
272,Jaime Lozano,https://www.transfermarkt.co.uk/jaime-lozano/profil/spieler/31382,26,£3.15m  
273,Sinha,https://www.transfermarkt.co.uk/sinha/profil/spieler/31351,29,£1.13m  
274,Daniel Osorno,https://www.transfermarkt.co.uk/daniel-osorno/profil/spieler/53034,26, 
275,Alberto Medina,https://www.transfermarkt.co.uk/alberto-medina/profil/spieler/29576,22,£1.08m  
276,Rafael Márquez,https://www.transfermarkt.co.uk/rafael-marquez/profil/spieler/31436,23,£1.80m  
277,Francisco Fonseca,https://www.transfermarkt.co.uk/francisco-fonseca/profil/spieler/31350,25,£2.25m  
278,Omar Bravo,https://www.transfermarkt.co.uk/omar-bravo/profil/spieler/31425,25,£1.58m  
279,Guillermo Franco,https://www.transfermarkt.co.uk/guillermo-franco/profil/spieler/37558,28, 
280,Guillermo Ochoa,https://www.transfermarkt.co.uk/guillermo-ochoa/profil/spieler/29559,19,£270k  
281,Alberto Rodríguez,https://www.transfermarkt.co.uk/alberto-rodriguez/profil/spieler/28064,31, 
282,Hugo Sánchez,https://www.transfermarkt.co.uk/hugo-sanchez/profil/spieler/31437,23,£1.13m  
283,Joel Huiqui,https://www.transfermarkt.co.uk/joel-huiqui/profil/spieler/53182,22, 
284,Edgar Dueñas,https://www.transfermarkt.co.uk/edgar-duenas/profil/spieler/52989,22, 
285,Maza,https://www.transfermarkt.co.uk/maza/profil/spieler/28163,23, 
286,Mario Pérez,https://www.transfermarkt.co.uk/mario-perez/profil/spieler/53267,23, 
287,Diego Martínez,https://www.transfermarkt.co.uk/diego-martinez/profil/spieler/50936,24, 
288,Fernando Salazar,https://www.transfermarkt.co.uk/fernando-salazar/profil/spieler/52613,25, 
289,Gerardo Torrado,https://www.transfermarkt.co.uk/gerardo-torrado/profil/spieler/7713,26,£2.25m  
290,Rafael García,https://www.transfermarkt.co.uk/rafael-garcia/profil/spieler/28151,30, 
291,Gonzalo Pineda,https://www.transfermarkt.co.uk/gonzalo-pineda/profil/spieler/31383,22,£900k  
292,Andrés Guardado,https://www.transfermarkt.co.uk/andres-guardado/profil/spieler/20506,18,- 
293,Mario Méndez,https://www.transfermarkt.co.uk/mario-mendez/profil/spieler/31354,26,£1.35m  
294,Luis Sandoval,https://www.transfermarkt.co.uk/luis-sandoval/profil/spieler/44928,23, 
295,Ramón Morales,https://www.transfermarkt.co.uk/ramon-morales/profil/spieler/29577,29,£1.49m  
296,Jesús Arellano,https://www.transfermarkt.co.uk/jesus-arellano/profil/spieler/29571,32,£1.80m  
297,Cuauhtémoc Blanco,https://www.transfermarkt.co.uk/cuauhtemoc-blanco/profil/spieler/28066,32,£2.25m  
298,Adolfo Bautista,https://www.transfermarkt.co.uk/adolfo-bautista/profil/spieler/29572,26, 
299,Jared Borgetti,https://www.transfermarkt.co.uk/jared-borgetti/profil/spieler/29573,31,£1.58m  
300,Luis Ángel Landín,https://www.transfermarkt.co.uk/luis-angel-landin/profil/spieler/39869,19, 
301,Tim Howard,https://www.transfermarkt.co.uk/tim-howard/profil/spieler/4267,26,£2.70m  
302,Tony Meola,https://www.transfermarkt.co.uk/tony-meola/profil/spieler/26843,36,£225k  
303,Zach Wells,https://www.transfermarkt.co.uk/zach-wells/profil/spieler/30607,24, 
304,Kevin Hartman,https://www.transfermarkt.co.uk/kevin-hartman/profil/spieler/39472,31, 
305,Carlos Bocanegra,https://www.transfermarkt.co.uk/carlos-bocanegra/profil/spieler/15829,26,£2.03m  
306,Cory Gibbs,https://www.transfermarkt.co.uk/cory-gibbs/profil/spieler/1186,25,£675k  
307,Eddie Pope,https://www.transfermarkt.co.uk/eddie-pope/profil/spieler/24845,31,- 
308,Bobby Boswell,https://www.transfermarkt.co.uk/bobby-boswell/profil/spieler/39400,22, 
309,DaMarcus Beasley,https://www.transfermarkt.co.uk/damarcus-beasley/profil/spieler/20584,23,£3.15m  
310,Heath Pearce,https://www.transfermarkt.co.uk/heath-pearce/profil/spieler/37432,20, 
311,Jonathan Spector,https://www.transfermarkt.co.uk/jonathan-spector/profil/spieler/24637,19,£1.13m  
312,Chris Albright,https://www.transfermarkt.co.uk/chris-albright/profil/spieler/39451,26, 
313,Pablo Mastroeni,https://www.transfermarkt.co.uk/pablo-mastroeni/profil/spieler/26967,28,£540k  
314,Brian Carroll,https://www.transfermarkt.co.uk/brian-carroll/profil/spieler/39404,23, 
315,Benny Feilhaber,https://www.transfermarkt.co.uk/benny-feilhaber/profil/spieler/33118,20, 
316,Ben Olsen,https://www.transfermarkt.co.uk/ben-olsen/profil/spieler/38774,28, 
317,Steve Ralston,https://www.transfermarkt.co.uk/steve-ralston/profil/spieler/39898,31, 
318,Eddie Lewis,https://www.transfermarkt.co.uk/eddie-lewis/profil/spieler/3484,31,£1.13m  
319,Kyle Martino,https://www.transfermarkt.co.uk/kyle-martino/profil/spieler/26842,24,£450k  
320,Josh Wolff,https://www.transfermarkt.co.uk/josh-wolff/profil/spieler/26860,28,£540k  
321,Landon Donovan,https://www.transfermarkt.co.uk/landon-donovan/profil/spieler/68,23,£2.25m  
322,Brian McBride,https://www.transfermarkt.co.uk/brian-mcbride/profil/spieler/3469,33,£900k  
323,Eddie Johnson,https://www.transfermarkt.co.uk/eddie-johnson/profil/spieler/38773,21, 
324,Chris Rolfe,https://www.transfermarkt.co.uk/chris-rolfe/profil/spieler/39293,22, 
325,Taylor Twellman,https://www.transfermarkt.co.uk/taylor-twellman/profil/spieler/38772,25, 
326,Kasey Keller,https://www.transfermarkt.co.uk/kasey-keller/profil/spieler/3608,35,£900k  
327,Marcus Hahnemann,https://www.transfermarkt.co.uk/marcus-hahnemann/profil/spieler/4140,33,£180k  
328,Brad Guzan,https://www.transfermarkt.co.uk/brad-guzan/profil/spieler/39471,20, 
329,Matt Reis,https://www.transfermarkt.co.uk/matt-reis/profil/spieler/39899,30, 
330,Oguchi Onyewu,https://www.transfermarkt.co.uk/oguchi-onyewu/profil/spieler/12517,23,£1.58m  
331,Gregg Berhalter,https://www.transfermarkt.co.uk/gregg-berhalter/profil/spieler/2709,31,£360k  
332,Jimmy Conrad,https://www.transfermarkt.co.uk/jimmy-conrad/profil/spieler/26828,28, 
333,Ugo Ihemelu,https://www.transfermarkt.co.uk/ugo-ihemelu/profil/spieler/39473,22, 
334,Todd Dunivant,https://www.transfermarkt.co.uk/todd-dunivant/profil/spieler/38264,24, 
335,Steven Cherundolo,https://www.transfermarkt.co.uk/steven-cherundolo/profil/spieler/1335,26,£3.60m  
336,Frankie Hejduk,https://www.transfermarkt.co.uk/frankie-hejduk/profil/spieler/72,30,£675k  
337,John O'Brien,https://www.transfermarkt.co.uk/john-obrien/profil/spieler/4313,27,£1.80m  
338,Kerry Zavagnin,https://www.transfermarkt.co.uk/kerry-zavagnin/profil/spieler/26861,30,£405k  
339,Claudio Reyna,https://www.transfermarkt.co.uk/claudio-reyna/profil/spieler/3475,31,£4.05m  
340,Michael Bradley,https://www.transfermarkt.co.uk/michael-bradley/profil/spieler/30593,17, 
341,Santino Quaranta,https://www.transfermarkt.co.uk/santino-quaranta/profil/spieler/39433,20, 
342,Chris Klein,https://www.transfermarkt.co.uk/chris-klein/profil/spieler/26864,29, 
343,Bobby Convey,https://www.transfermarkt.co.uk/bobby-convey/profil/spieler/20585,22,£675k  
344,Freddy Adu,https://www.transfermarkt.co.uk/freddy-adu/profil/spieler/8518,16,£1.35m  
345,Eddie Gaven,https://www.transfermarkt.co.uk/eddie-gaven/profil/spieler/30597,18, 
346,Clint Dempsey,https://www.transfermarkt.co.uk/clint-dempsey/profil/spieler/27577,22,£900k  
347,Brian Ching,https://www.transfermarkt.co.uk/brian-ching/profil/spieler/26227,27,£450k  
348,Nate Jaqua,https://www.transfermarkt.co.uk/nate-jaqua/profil/spieler/39275,23, 
349,Pat Noonan,https://www.transfermarkt.co.uk/pat-noonan/profil/spieler/39896,24, 
350,Richard Kingson,https://www.transfermarkt.co.uk/richard-kingson/profil/spieler/7125,27,£900k  
351,George Owu,https://www.transfermarkt.co.uk/george-owu/profil/spieler/37708,22, 
352,Daniel Quaye,https://www.transfermarkt.co.uk/daniel-quaye/profil/spieler/39971,24, 
353,Samuel Kuffour,https://www.transfermarkt.co.uk/samuel-kuffour/profil/spieler/208,28,£4.95m  
354,John Mensah,https://www.transfermarkt.co.uk/john-mensah/profil/spieler/5917,22,£450k  
355,Illiasu Shilla,https://www.transfermarkt.co.uk/illiasu-shilla/profil/spieler/39953,22, 
356,Hans Sarpei,https://www.transfermarkt.co.uk/hans-sarpei/profil/spieler/707,29,£810k  
357,Habib Mohamed,https://www.transfermarkt.co.uk/habib-mohamed/profil/spieler/39963,21, 
358,Hamza Mohammed,https://www.transfermarkt.co.uk/hamza-mohammed/profil/spieler/37644,24, 
359,Derek Boateng,https://www.transfermarkt.co.uk/derek-boateng/profil/spieler/18091,22,£360k  
360,Mohammed Abubakari,https://www.transfermarkt.co.uk/mohammed-abubakari/profil/spieler/44413,19, 
361,Stephen Appiah,https://www.transfermarkt.co.uk/stephen-appiah/profil/spieler/5975,24,£5.40m  
362,Laryea Kingston,https://www.transfermarkt.co.uk/laryea-kingston/profil/spieler/24999,24,- 
363,Otto Addo,https://www.transfermarkt.co.uk/otto-addo/profil/spieler/102,30,£900k  
364,Draman Haminu,https://www.transfermarkt.co.uk/draman-haminu/profil/spieler/34395,19, 
365,Alex Tachie-Mensah,https://www.transfermarkt.co.uk/alex-tachie-mensah/profil/spieler/6681,28,£900k  
366,Asamoah Gyan,https://www.transfermarkt.co.uk/asamoah-gyan/profil/spieler/26802,19,£360k  
367,Elvis Hammond,https://www.transfermarkt.co.uk/elvis-hammond/profil/spieler/3722,24,£225k  
368,Prince Tagoe,https://www.transfermarkt.co.uk/prince-tagoe/profil/spieler/37649,18, 
369,Joetex Frimpong,https://www.transfermarkt.co.uk/joetex-frimpong/profil/spieler/35233,23, 
370,Sammy Adjei,https://www.transfermarkt.co.uk/sammy-adjei/profil/spieler/35232,24, 
371,Philemon McCarthy,https://www.transfermarkt.co.uk/philemon-mccarthy/profil/spieler/37707,21, 
372,Aziz Ansah,https://www.transfermarkt.co.uk/aziz-ansah/profil/spieler/37640,24, 
373,Eric Addo,https://www.transfermarkt.co.uk/eric-addo/profil/spieler/4336,26,£675k  
374,Francis Dickoh,https://www.transfermarkt.co.uk/francis-dickoh/profil/spieler/22853,22,- 
375,Issah Ahmed,https://www.transfermarkt.co.uk/issah-ahmed/profil/spieler/38759,23, 
376,Daniel Edusei,https://www.transfermarkt.co.uk/daniel-edusei/profil/spieler/16534,24,£630k  
377,John Paintsil,https://www.transfermarkt.co.uk/john-paintsil/profil/spieler/35235,24, 
378,Michael Essien,https://www.transfermarkt.co.uk/michael-essien/profil/spieler/5588,22,£20.70m  
379,Emmanuel Pappoe,https://www.transfermarkt.co.uk/emmanuel-pappoe/profil/spieler/35236,24, 
380,Yussif Chibsah,https://www.transfermarkt.co.uk/yussif-chibsah/profil/spieler/58857,21, 
381,Sulley Muntari,https://www.transfermarkt.co.uk/sulley-muntari/profil/spieler/17129,20,£2.70m  
382,Razak Pimpong,https://www.transfermarkt.co.uk/razak-pimpong/profil/spieler/22505,22,- 
383,Ibrahim Abdul Razak,https://www.transfermarkt.co.uk/ibrahim-abdul-razak/profil/spieler/12519,22,£45k  
384,Matthew Amoah,https://www.transfermarkt.co.uk/matthew-amoah/profil/spieler/4429,24,£1.80m  
385,Patrick Agyemang,https://www.transfermarkt.co.uk/patrick-agyemang/profil/spieler/13982,24,£450k  
386,Baffour Gyan,https://www.transfermarkt.co.uk/baffour-gyan/profil/spieler/18959,24,£360k  
387,Louis Agyemang,https://www.transfermarkt.co.uk/louis-agyemang/profil/spieler/37638,22, 
388,Godwin Attram,https://www.transfermarkt.co.uk/godwin-attram/profil/spieler/37641,24, 
389,Baba Adamu,https://www.transfermarkt.co.uk/baba-adamu/profil/spieler/34500,25, 
390,Woon-Jae Lee,https://www.transfermarkt.co.uk/woon-jae-lee/profil/spieler/27407,32,£675k  
391,Yeong-kwan Kim,https://www.transfermarkt.co.uk/yeong-kwan-kim/profil/spieler/27408,22, 
392,Kyeong-ryeol Yu,https://www.transfermarkt.co.uk/kyeong-ryeol-yu/profil/spieler/35189,26, 
393,Young-Chul Kim,https://www.transfermarkt.co.uk/young-chul-kim/profil/spieler/35188,29, 
394,Hee-Ju Kwak,https://www.transfermarkt.co.uk/hee-ju-kwak/profil/spieler/50121,23, 
395,Hak-yeong Jang,https://www.transfermarkt.co.uk/hak-yeong-jang/profil/spieler/27078,23, 
396,Sang-min Yang,https://www.transfermarkt.co.uk/sang-min-yang/profil/spieler/50141,21, 
397,Du-Ri Cha,https://www.transfermarkt.co.uk/du-ri-cha/profil/spieler/1772,24,£900k  
398,Kyu-Seon Park,https://www.transfermarkt.co.uk/kyu-seon-park/profil/spieler/110918,23, 
399,Ho Lee,https://www.transfermarkt.co.uk/ho-lee/profil/spieler/35190,20, 
400,Han-Yoon Kim,https://www.transfermarkt.co.uk/han-yoon-kim/profil/spieler/90718,30, 
401,Du-hyeon Kim,https://www.transfermarkt.co.uk/du-hyeon-kim/profil/spieler/27397,22, 
402,Jung-Woo Kim,https://www.transfermarkt.co.uk/jung-woo-kim/profil/spieler/27402,23, 
403,Ji-Sung Park,https://www.transfermarkt.co.uk/ji-sung-park/profil/spieler/4592,24,£4.50m  
404,Kyung-Ho Chung,https://www.transfermarkt.co.uk/kyung-ho-chung/profil/spieler/27403,25, 
405,Chun-Soo Lee,https://www.transfermarkt.co.uk/chun-soo-lee/profil/spieler/12376,23,£1.80m  
406,Dong-guk Lee,https://www.transfermarkt.co.uk/dong-guk-lee/profil/spieler/688,26,£180k  
407,Jo-guk Jeong,https://www.transfermarkt.co.uk/jo-guk-jeong/profil/spieler/90748,21, 
408,Jin-yong Kim,https://www.transfermarkt.co.uk/jin-yong-kim/profil/spieler/134666,22, 
409,Yong-dae Kim,https://www.transfermarkt.co.uk/yong-dae-kim/profil/spieler/27084,25, 
410,Jin-Cheul Choi,https://www.transfermarkt.co.uk/jin-cheul-choi/profil/spieler/27401,34, 
411,Jin-kyu Kim,https://www.transfermarkt.co.uk/jin-kyu-kim/profil/spieler/35187,20, 
412,Sang-Sik Kim,https://www.transfermarkt.co.uk/sang-sik-kim/profil/spieler/27405,28, 
413,Young-Pyo Lee,https://www.transfermarkt.co.uk/young-pyo-lee/profil/spieler/6156,28,£3.60m  
414,Dong-Jin Kim,https://www.transfermarkt.co.uk/dong-jin-kim/profil/spieler/27399,23, 
415,Chong-Gug Song,https://www.transfermarkt.co.uk/chong-gug-song/profil/spieler/4437,26,£1.98m  
416,Beom-seok Oh,https://www.transfermarkt.co.uk/beom-seok-oh/profil/spieler/67672,20, 
417,Nam-Il Kim,https://www.transfermarkt.co.uk/nam-il-kim/profil/spieler/35258,28, 
418,Won-heui Jo,https://www.transfermarkt.co.uk/won-heui-jo/profil/spieler/35185,22, 
419,Sun-hak Hong,https://www.transfermarkt.co.uk/sun-hak-hong/profil/spieler/39386,24, 
420,Ji-hun Baek,https://www.transfermarkt.co.uk/ji-hun-baek/profil/spieler/35184,20, 
421,Eul-yong Lee,https://www.transfermarkt.co.uk/eul-yong-lee/profil/spieler/22961,29,- 
422,Tae-Uk Choi,https://www.transfermarkt.co.uk/tae-uk-choi/profil/spieler/14544,24,£540k  
423,Ki-Hyeon Seol,https://www.transfermarkt.co.uk/ki-hyeon-seol/profil/spieler/9606,26,£2.03m  
424,Jung-Hwan Ahn,https://www.transfermarkt.co.uk/jung-hwan-ahn/profil/spieler/3489,29,£3.60m  
425,Jae-Jin Cho,https://www.transfermarkt.co.uk/jae-jin-cho/profil/spieler/27396,23, 
426,Ju-yeong Park,https://www.transfermarkt.co.uk/ju-yeong-park/profil/spieler/30982,19, 
427,Ricardo,https://www.transfermarkt.co.uk/ricardo/profil/spieler/13867,29,£5.40m  
428,Paulo Santos,https://www.transfermarkt.co.uk/paulo-santos/profil/spieler/20229,32,£450k  
429,Jorge Andrade,https://www.transfermarkt.co.uk/jorge-andrade/profil/spieler/7491,27,£9.90m  
430,Ricardo Costa,https://www.transfermarkt.co.uk/ricardo-costa/profil/spieler/9819,24,£2.70m  
431,Nuno Valente,https://www.transfermarkt.co.uk/nuno-valente/profil/spieler/9831,30,£4.50m  
432,Paulo Ferreira,https://www.transfermarkt.co.uk/paulo-ferreira/profil/spieler/9832,26,£14.40m  
433,Frechaut,https://www.transfermarkt.co.uk/frechaut/profil/spieler/13159,27,£3.15m  
434,Costinha,https://www.transfermarkt.co.uk/costinha/profil/spieler/9826,30,£13.50m  
435,Maniche,https://www.transfermarkt.co.uk/maniche/profil/spieler/9822,27,£16.20m  
436,Hugo Viana,https://www.transfermarkt.co.uk/hugo-viana/profil/spieler/3480,22,£8.10m  
437,João Moutinho,https://www.transfermarkt.co.uk/joao-moutinho/profil/spieler/29364,18,£1.80m  
438,Deco,https://www.transfermarkt.co.uk/deco/profil/spieler/8564,27,£18.90m  
439,Luís Figo,https://www.transfermarkt.co.uk/luis-figo/profil/spieler/3446,32,£18.00m  
440,Cristiano Ronaldo,https://www.transfermarkt.co.uk/cristiano-ronaldo/profil/spieler/8198,20,£20.52m  
441,Pauleta,https://www.transfermarkt.co.uk/pauleta/profil/spieler/3623,32,£7.20m  
442,Quim,https://www.transfermarkt.co.uk/quim/profil/spieler/13957,29,£1.80m  
443,Ricardo Carvalho,https://www.transfermarkt.co.uk/ricardo-carvalho/profil/spieler/9828,27,£22.05m  
444,Fernando Meira,https://www.transfermarkt.co.uk/fernando-meira/profil/spieler/1432,27,£7.20m  
445,Marco Caneira,https://www.transfermarkt.co.uk/marco-caneira/profil/spieler/6242,26,£1.89m  
446,Jorge Ribeiro,https://www.transfermarkt.co.uk/jorge-ribeiro/profil/spieler/17286,23,£2.25m  
447,Miguel,https://www.transfermarkt.co.uk/miguel/profil/spieler/13225,25,£13.50m  
448,Alex Costa,https://www.transfermarkt.co.uk/alex-costa/profil/spieler/13213,25,£2.25m  
449,Petit,https://www.transfermarkt.co.uk/petit/profil/spieler/13917,28,£7.20m  
450,Tiago,https://www.transfermarkt.co.uk/tiago/profil/spieler/8538,24,£9.00m  
451,João Alves,https://www.transfermarkt.co.uk/joao-alves/profil/spieler/18856,24,£2.70m  
452,Luís Boa Morte,https://www.transfermarkt.co.uk/luis-boa-morte/profil/spieler/3422,27,£3.15m  
453,Simão,https://www.transfermarkt.co.uk/simao/profil/spieler/8019,25,£14.40m  
454,Ricardo Quaresma,https://www.transfermarkt.co.uk/ricardo-quaresma/profil/spieler/4188,21,£7.65m  
455,Nuno Gomes,https://www.transfermarkt.co.uk/nuno-gomes/profil/spieler/3626,28,£9.00m  
456,Hélder Postiga,https://www.transfermarkt.co.uk/helder-postiga/profil/spieler/5169,22,£6.75m  
457,Edwin Villafuerte,https://www.transfermarkt.co.uk/edwin-villafuerte/profil/spieler/37384,26, 
458,Damián Lanza,https://www.transfermarkt.co.uk/damian-lanza/profil/spieler/37375,23, 
459,José Luis Cortez,https://www.transfermarkt.co.uk/jose-luis-cortez/profil/spieler/38764,25, 
460,José Perlaza,https://www.transfermarkt.co.uk/jose-perlaza/profil/spieler/39862,23, 
461,Fricson George,https://www.transfermarkt.co.uk/fricson-george/profil/spieler/79763,30, 
462,Ulises de la Cruz,https://www.transfermarkt.co.uk/ulises-de-la-cruz/profil/spieler/3842,31,£2.70m  
463,Antonio Valencia,https://www.transfermarkt.co.uk/antonio-valencia/profil/spieler/33544,19, 
464,Leonardo Soledispa,https://www.transfermarkt.co.uk/leonardo-soledispa/profil/spieler/24896,22,£225k  
465,Segundo Castillo,https://www.transfermarkt.co.uk/segundo-castillo/profil/spieler/38763,23, 
466,Edwin Tenorio,https://www.transfermarkt.co.uk/edwin-tenorio/profil/spieler/37383,29, 
467,Édison Méndez,https://www.transfermarkt.co.uk/edison-mendez/profil/spieler/2816,26,£2.25m  
468,Luis Saritama,https://www.transfermarkt.co.uk/luis-saritama/profil/spieler/37382,21, 
469,Jhony Baldeón,https://www.transfermarkt.co.uk/jhony-baldeon/profil/spieler/102577,24, 
470,Agustín Delgado,https://www.transfermarkt.co.uk/agustin-delgado/profil/spieler/3849,30,£900k  
471,Roberto Mina,https://www.transfermarkt.co.uk/roberto-mina/profil/spieler/28413,20, 
472,Darwin Caicedo,https://www.transfermarkt.co.uk/darwin-caicedo/profil/spieler/47869,22, 
473,Carlos Tenorio,https://www.transfermarkt.co.uk/carlos-tenorio/profil/spieler/39866,26, 
474,Christian Mora,https://www.transfermarkt.co.uk/christian-mora/profil/spieler/35935,25, 
475,Iván Hurtado,https://www.transfermarkt.co.uk/ivan-hurtado/profil/spieler/15639,30,£675k  
476,Jorge Guagua,https://www.transfermarkt.co.uk/jorge-guagua/profil/spieler/38766,23, 
477,Giovanny Espinoza,https://www.transfermarkt.co.uk/giovanny-espinoza/profil/spieler/28079,28, 
478,Paúl Ambrosi,https://www.transfermarkt.co.uk/paul-ambrosi/profil/spieler/38760,24, 
479,Érik de Jesús,https://www.transfermarkt.co.uk/erik-de-jesus/profil/spieler/92731,22, 
480,Néicer Reascos,https://www.transfermarkt.co.uk/neicer-reascos/profil/spieler/39863,27, 
481,Luis Caicedo,https://www.transfermarkt.co.uk/luis-caicedo/profil/spieler/107314,26, 
482,Marlon Ayoví,https://www.transfermarkt.co.uk/marlon-ayovi/profil/spieler/37368,33, 
483,Patricio Urrutia,https://www.transfermarkt.co.uk/patricio-urrutia/profil/spieler/39867,27, 
484,Christian Lara,https://www.transfermarkt.co.uk/christian-lara/profil/spieler/37392,25, 
485,Luis Garcés,https://www.transfermarkt.co.uk/luis-garces/profil/spieler/79761,22, 
486,Iván Kaviedes,https://www.transfermarkt.co.uk/ivan-kaviedes/profil/spieler/7561,27,£1.80m  
487,Wálter Calderón,https://www.transfermarkt.co.uk/walter-calderon/profil/spieler/82707,27, 
488,Gustavo Figueroa,https://www.transfermarkt.co.uk/gustavo-figueroa/profil/spieler/37373,26, 
489,Félix Borja,https://www.transfermarkt.co.uk/felix-borja/profil/spieler/38761,22, 
490,Christian Benítez,https://www.transfermarkt.co.uk/christian-benitez/profil/spieler/30916,19, 
491,Mohammad Al-Deayea,https://www.transfermarkt.co.uk/mohammad-al-deayea/profil/spieler/39364,32, 
492,Mohammad Khojah,https://www.transfermarkt.co.uk/mohammad-khojah/profil/spieler/39363,32, 
493,Fouzi Al-Shehri,https://www.transfermarkt.co.uk/fouzi-al-shehri/profil/spieler/31403,25, 
494,Osama Al Harbi,https://www.transfermarkt.co.uk/osama-al-harbi/profil/spieler/45132,21, 
495,Hamad Al Montashari,https://www.transfermarkt.co.uk/hamad-al-montashari/profil/spieler/31662,23, 
496,Hussein Abdulghani,https://www.transfermarkt.co.uk/hussein-abdulghani/profil/spieler/78825,28, 
497,Ahmad Al-Dokhi,https://www.transfermarkt.co.uk/ahmad-al-dokhi/profil/spieler/31665,28, 
498,Mohammed Ameen,https://www.transfermarkt.co.uk/mohammed-ameen/profil/spieler/31659,25, 
499,Abdulaziz Al-Khathran,https://www.transfermarkt.co.uk/abdulaziz-al-khathran/profil/spieler/26589,31, 
500,Khaled Aziz,https://www.transfermarkt.co.uk/khaled-aziz/profil/spieler/31669,23, 
501,Mohammed Noor,https://www.transfermarkt.co.uk/mohammed-noor/profil/spieler/25688,27, 
502,Mohammad Al-Shalhoub,https://www.transfermarkt.co.uk/mohammad-al-shalhoub/profil/spieler/31677,24, 
503,Mohammad Al Anbar,https://www.transfermarkt.co.uk/mohammad-al-anbar/profil/spieler/31675,20, 
504,Yasser Al-Qahtani,https://www.transfermarkt.co.uk/yasser-al-qahtani/profil/spieler/31676,22, 
505,Talal Al-Meshal,https://www.transfermarkt.co.uk/talal-al-meshal/profil/spieler/153420,27, 
506,Saad Al-Harthi,https://www.transfermarkt.co.uk/saad-al-harthi/profil/spieler/31674,21, 
507,Mabrouk Zaid,https://www.transfermarkt.co.uk/mabrouk-zaid/profil/spieler/31668,26, 
508,Mohamed Al Bishi,https://www.transfermarkt.co.uk/mohamed-al-bishi/profil/spieler/31672,18, 
509,Ahmed Douki Al-Dosari,https://www.transfermarkt.co.uk/ahmed-douki-al-dosari/profil/spieler/112812,34, 
510,Redha Tukar,https://www.transfermarkt.co.uk/redha-tukar/profil/spieler/31667,29, 
511,Naif Al-Qadi,https://www.transfermarkt.co.uk/naif-al-qadi/profil/spieler/31661,26, 
512,Abdullatif Al-Ghannam,https://www.transfermarkt.co.uk/abdullatif-al-ghannam/profil/spieler/31405,19, 
513,Ahmed Al-Bahri,https://www.transfermarkt.co.uk/ahmed-al-bahri/profil/spieler/39362,14, 
514,Omar Al-Ghamdi,https://www.transfermarkt.co.uk/omar-al-ghamdi/profil/spieler/31660,26, 
515,Saud Khariri,https://www.transfermarkt.co.uk/saud-khariri/profil/spieler/31673,24, 
516,Taiseer Al-Jassam,https://www.transfermarkt.co.uk/taiseer-al-jassam/profil/spieler/93465,20, 
517,Mohammed Massad,https://www.transfermarkt.co.uk/mohammed-massad/profil/spieler/39361,22, 
518,Nawaf Al-Temyat,https://www.transfermarkt.co.uk/nawaf-al-temyat/profil/spieler/31678,29, 
519,Ahmed Al-Swaileh,https://www.transfermarkt.co.uk/ahmed-al-swaileh/profil/spieler/293901,19, 
520,Saleh Bashir,https://www.transfermarkt.co.uk/saleh-bashir/profil/spieler/107304,23, 
521,Sami Al-Jaber,https://www.transfermarkt.co.uk/sami-al-jaber/profil/spieler/31384,32, 
522,Malek Mouath,https://www.transfermarkt.co.uk/malek-mouath/profil/spieler/31687,23, 
523,Grégory Coupet,https://www.transfermarkt.co.uk/gregory-coupet/profil/spieler/3910,32,£7.20m  
524,Fabien Barthez,https://www.transfermarkt.co.uk/fabien-barthez/profil/spieler/3289,34,£4.50m  
525,Jean-Alain Boumsong,https://www.transfermarkt.co.uk/jean-alain-boumsong/profil/spieler/5418,25,£9.00m  
526,Mikaël Silvestre,https://www.transfermarkt.co.uk/mikael-silvestre/profil/spieler/3393,27,£6.75m  
527,Gaël Givet,https://www.transfermarkt.co.uk/gael-givet/profil/spieler/5286,23,£4.50m  
528,Franck Jurietti,https://www.transfermarkt.co.uk/franck-jurietti/profil/spieler/5288,30,£1.35m  
529,Anthony Réveillère,https://www.transfermarkt.co.uk/anthony-reveillere/profil/spieler/5668,25,£6.30m  
530,Patrick Vieira,https://www.transfermarkt.co.uk/patrick-vieira/profil/spieler/3183,29,£31.50m  
531,Alou Diarra,https://www.transfermarkt.co.uk/alou-diarra/profil/spieler/1327,23,£3.60m  
532,Vikash Dhorasoo,https://www.transfermarkt.co.uk/vikash-dhorasoo/profil/spieler/5351,31,£3.60m  
533,Zinédine Zidane,https://www.transfermarkt.co.uk/zinedine-zidane/profil/spieler/3111,33,£18.00m  
534,Sidney Govou,https://www.transfermarkt.co.uk/sidney-govou/profil/spieler/5357,25,£10.80m  
535,Thierry Henry,https://www.transfermarkt.co.uk/thierry-henry/profil/spieler/3207,27,£40.50m  
536,Djibril Cissé,https://www.transfermarkt.co.uk/djibril-cisse/profil/spieler/3966,23,£18.00m  
537,Nicolas Anelka,https://www.transfermarkt.co.uk/nicolas-anelka/profil/spieler/3226,26,£11.52m  
538,Mickaël Landreau,https://www.transfermarkt.co.uk/mickael-landreau/profil/spieler/3575,26,£5.85m  
539,Sébastien Squillaci,https://www.transfermarkt.co.uk/sebastien-squillaci/profil/spieler/5293,24,£9.00m  
540,William Gallas,https://www.transfermarkt.co.uk/william-gallas/profil/spieler/3156,27,£8.55m  
541,Lilian Thuram,https://www.transfermarkt.co.uk/lilian-thuram/profil/spieler/3521,33,£4.50m  
542,Éric Abidal,https://www.transfermarkt.co.uk/eric-abidal/profil/spieler/5283,25,£7.20m  
543,Willy Sagnol,https://www.transfermarkt.co.uk/willy-sagnol/profil/spieler/213,28,£6.75m  
544,Pascal Chimbonda,https://www.transfermarkt.co.uk/pascal-chimbonda/profil/spieler/18875,26,£2.70m  
545,Claude Makélélé,https://www.transfermarkt.co.uk/claude-makelele/profil/spieler/4182,32,£11.25m  
546,Florent Malouda,https://www.transfermarkt.co.uk/florent-malouda/profil/spieler/5461,25,£6.30m  
547,Jérôme Rothen,https://www.transfermarkt.co.uk/jerome-rothen/profil/spieler/5300,27,£9.00m  
548,Franck Ribéry,https://www.transfermarkt.co.uk/franck-ribery/profil/spieler/22068,22,£4.73m  
549,Sylvain Wiltord,https://www.transfermarkt.co.uk/sylvain-wiltord/profil/spieler/3188,31,£4.05m  
550,David Trézéguet,https://www.transfermarkt.co.uk/david-trezeguet/profil/spieler/4146,27,£22.50m  
551,Louis Saha,https://www.transfermarkt.co.uk/louis-saha/profil/spieler/4015,26,£13.95m  
552,Jerzy Dudek,https://www.transfermarkt.co.uk/jerzy-dudek/profil/spieler/3209,32,£4.05m  
553,Wojciech Kowalewski,https://www.transfermarkt.co.uk/wojciech-kowalewski/profil/spieler/15101,28,£1.80m  
554,Tomasz Kuszczak,https://www.transfermarkt.co.uk/tomasz-kuszczak/profil/spieler/1320,23,£270k  
555,Arkadiusz Glowacki,https://www.transfermarkt.co.uk/arkadiusz-glowacki/profil/spieler/14896,26,£2.48m  
556,Michal Zewlakow,https://www.transfermarkt.co.uk/michal-zewlakow/profil/spieler/9613,29,£1.58m  
557,Dariusz Dudka,https://www.transfermarkt.co.uk/dariusz-dudka/profil/spieler/24502,21,£1.35m  
558,Marcin Adamski,https://www.transfermarkt.co.uk/marcin-adamski/profil/spieler/2919,29,£900k  
559,Marcin Wasilewski,https://www.transfermarkt.co.uk/marcin-wasilewski/profil/spieler/16947,25,£450k  
560,Seweryn Gancarczyk,https://www.transfermarkt.co.uk/seweryn-gancarczyk/profil/spieler/33176,23, 
561,Marcin Kus,https://www.transfermarkt.co.uk/marcin-kus/profil/spieler/15667,23,£540k  
562,Arkadiusz Radomski,https://www.transfermarkt.co.uk/arkadiusz-radomski/profil/spieler/4404,28,£1.58m  
563,Maciej Scherfchen,https://www.transfermarkt.co.uk/maciej-scherfchen/profil/spieler/29856,26,£675k  
564,Miroslaw Szymkowiak,https://www.transfermarkt.co.uk/miroslaw-szymkowiak/profil/spieler/14918,28,£3.83m  
565,Jacek Krzynowek,https://www.transfermarkt.co.uk/jacek-krzynowek/profil/spieler/765,29,£3.15m  
566,Marcin Kaczmarek,https://www.transfermarkt.co.uk/marcin-kaczmarek/profil/spieler/32314,25, 
567,Piotr Giza,https://www.transfermarkt.co.uk/piotr-giza/profil/spieler/29729,25,£810k  
568,Grzegorz Bonin,https://www.transfermarkt.co.uk/grzegorz-bonin/profil/spieler/32241,21, 
569,Grzegorz Rasiak,https://www.transfermarkt.co.uk/grzegorz-rasiak/profil/spieler/15242,26,£3.15m  
570,Andrzej Niedzielan,https://www.transfermarkt.co.uk/andrzej-niedzielan/profil/spieler/14217,26,£2.03m  
571,Ireneusz Jelen,https://www.transfermarkt.co.uk/ireneusz-jelen/profil/spieler/16951,24,£1.80m  
572,Pawel Brozek,https://www.transfermarkt.co.uk/pawel-brozek/profil/spieler/14909,22,£1.35m  
573,Lukasz Sosin,https://www.transfermarkt.co.uk/lukasz-sosin/profil/spieler/33204,28, 
574,Artur Boruc,https://www.transfermarkt.co.uk/artur-boruc/profil/spieler/15220,25,£3.15m  
575,Sebastian Przyrowski,https://www.transfermarkt.co.uk/sebastian-przyrowski/profil/spieler/24567,23,£540k  
576,Lukasz Fabianski,https://www.transfermarkt.co.uk/lukasz-fabianski/profil/spieler/29692,20,£270k  
577,Jacek Bak,https://www.transfermarkt.co.uk/jacek-bak/profil/spieler/5472,32,£1.58m  
578,Mariusz Jop,https://www.transfermarkt.co.uk/mariusz-jop/profil/spieler/14898,26,£1.35m  
579,Tomasz Klos,https://www.transfermarkt.co.uk/tomasz-klos/profil/spieler/705,32,£900k  
580,Bartosz Bosacki,https://www.transfermarkt.co.uk/bartosz-bosacki/profil/spieler/18527,29,£675k  
581,Tomasz Rzasa,https://www.transfermarkt.co.uk/tomasz-rzasa/profil/spieler/4373,32,£900k  
582,Marcin Baszczynski,https://www.transfermarkt.co.uk/marcin-baszczynski/profil/spieler/14892,28,£2.25m  
583,Mariusz Lewandowski,https://www.transfermarkt.co.uk/mariusz-lewandowski/profil/spieler/14934,26,£2.25m  
584,Radoslaw Sobolewski,https://www.transfermarkt.co.uk/radoslaw-sobolewski/profil/spieler/24573,28,£1.35m  
585,Przemyslaw Kazmierczak,https://www.transfermarkt.co.uk/przemyslaw-kazmierczak/profil/spieler/29542,23,£585k  
586,Jakub Blaszczykowski,https://www.transfermarkt.co.uk/jakub-blaszczykowski/profil/spieler/29835,19,£450k  
587,Kamil Kosowski,https://www.transfermarkt.co.uk/kamil-kosowski/profil/spieler/6255,27,£1.80m  
588,Sebastian Mila,https://www.transfermarkt.co.uk/sebastian-mila/profil/spieler/16300,22,£2.03m  
589,Damian Gorawski,https://www.transfermarkt.co.uk/damian-gorawski/profil/spieler/14912,26,£1.80m  
590,Maciej Zurawski,https://www.transfermarkt.co.uk/maciej-zurawski/profil/spieler/14922,28,£3.60m  
591,Tomasz Frankowski,https://www.transfermarkt.co.uk/tomasz-frankowski/profil/spieler/14911,30,£2.48m  
592,Marek Saganowski,https://www.transfermarkt.co.uk/marek-saganowski/profil/spieler/3084,26,£1.80m  
593,Ebi Smolarek,https://www.transfermarkt.co.uk/ebi-smolarek/profil/spieler/4388,24,£1.58m  
594,Grzegorz Piechna,https://www.transfermarkt.co.uk/grzegorz-piechna/profil/spieler/32259,28, 
595,Timo Hildebrand,https://www.transfermarkt.co.uk/timo-hildebrand/profil/spieler/598,26,£6.75m  
596,Jens Lehmann,https://www.transfermarkt.co.uk/jens-lehmann/profil/spieler/122,35,£2.84m  
597,Arne Friedrich,https://www.transfermarkt.co.uk/arne-friedrich/profil/spieler/698,26,£5.85m  
598,Per Mertesacker,https://www.transfermarkt.co.uk/per-mertesacker/profil/spieler/6710,20,£4.50m  
599,Christian Wörns,https://www.transfermarkt.co.uk/christian-worns/profil/spieler/137,33,£3.15m  
600,Marcell Jansen,https://www.transfermarkt.co.uk/marcell-jansen/profil/spieler/16624,19,£900k  
601,Philipp Lahm,https://www.transfermarkt.co.uk/philipp-lahm/profil/spieler/2219,21,£6.30m  
602,Fabian Ernst,https://www.transfermarkt.co.uk/fabian-ernst/profil/spieler/299,26,£8.10m  
603,Dietmar Hamann,https://www.transfermarkt.co.uk/dietmar-hamann/profil/spieler/919,31,£4.95m  
604,Lukas Sinkiewicz,https://www.transfermarkt.co.uk/lukas-sinkiewicz/profil/spieler/17134,19,£765k  
605,Bastian Schweinsteiger,https://www.transfermarkt.co.uk/bastian-schweinsteiger/profil/spieler/2514,20,£6.30m  
606,Thomas Hitzlsperger,https://www.transfermarkt.co.uk/thomas-hitzlsperger/profil/spieler/1573,23,£3.60m  
607,Bernd Schneider,https://www.transfermarkt.co.uk/bernd-schneider/profil/spieler/90,31,£4.50m  
608,Miroslav Klose,https://www.transfermarkt.co.uk/miroslav-klose/profil/spieler/10,27,£10.80m  
609,Kevin Kuranyi,https://www.transfermarkt.co.uk/kevin-kuranyi/profil/spieler/1331,23,£7.20m  
610,Oliver Neuville,https://www.transfermarkt.co.uk/oliver-neuville/profil/spieler/81,32,£2.03m  
611,Oliver Kahn,https://www.transfermarkt.co.uk/oliver-kahn/profil/spieler/206,36,£6.30m  
612,Jens Nowotny,https://www.transfermarkt.co.uk/jens-nowotny/profil/spieler/82,31,£1.35m  
613,Christoph Metzelder,https://www.transfermarkt.co.uk/christoph-metzelder/profil/spieler/123,24,£5.85m  
614,Robert Huth,https://www.transfermarkt.co.uk/robert-huth/profil/spieler/2998,20,£3.15m  
615,Manuel Friedrich,https://www.transfermarkt.co.uk/manuel-friedrich/profil/spieler/1073,25,£1.08m  
616,Andreas Hinkel,https://www.transfermarkt.co.uk/andreas-hinkel/profil/spieler/599,23,£6.30m  
617,Patrick Owomoyela,https://www.transfermarkt.co.uk/patrick-owomoyela/profil/spieler/2374,25,£2.93m  
618,Torsten Frings,https://www.transfermarkt.co.uk/torsten-frings/profil/spieler/528,28,£8.10m  
619,Sebastian Kehl,https://www.transfermarkt.co.uk/sebastian-kehl/profil/spieler/410,25,£3.15m  
620,Michael Ballack,https://www.transfermarkt.co.uk/michael-ballack/profil/spieler/63,28,£27.00m  
621,Tim Borowski,https://www.transfermarkt.co.uk/tim-borowski/profil/spieler/692,25,£5.85m  
622,Sebastian Deisler,https://www.transfermarkt.co.uk/sebastian-deisler/profil/spieler/337,25,£7.20m  
623,David Odonkor,https://www.transfermarkt.co.uk/david-odonkor/profil/spieler/1716,21,£1.71m  
624,Lukas Podolski,https://www.transfermarkt.co.uk/lukas-podolski/profil/spieler/15185,20,£9.00m  
625,Gerald Asamoah,https://www.transfermarkt.co.uk/gerald-asamoah/profil/spieler/258,26,£6.30m  
626,Mike Hanke,https://www.transfermarkt.co.uk/mike-hanke/profil/spieler/1428,21,£1.58m  
627,Edwin van der Sar,https://www.transfermarkt.co.uk/edwin-van-der-sar/profil/spieler/3516,34,£4.28m  
628,Maarten Stekelenburg,https://www.transfermarkt.co.uk/maarten-stekelenburg/profil/spieler/4311,22,£2.25m  
629,Joris Mathijsen,https://www.transfermarkt.co.uk/joris-mathijsen/profil/spieler/4563,25,£5.40m  
630,André Ooijer,https://www.transfermarkt.co.uk/andre-ooijer/profil/spieler/4345,30,£2.25m  
631,Ron Vlaar,https://www.transfermarkt.co.uk/ron-vlaar/profil/spieler/30697,20,£1.35m  
632,Giovanni van Bronckhorst,https://www.transfermarkt.co.uk/giovanni-van-bronckhorst/profil/spieler/3191,30,£8.10m  
633,Tim de Cler,https://www.transfermarkt.co.uk/tim-de-cler/profil/spieler/13406,26,£2.93m  
634,Mark van Bommel,https://www.transfermarkt.co.uk/mark-van-bommel/profil/spieler/3515,28,£10.80m  
635,Nigel de Jong,https://www.transfermarkt.co.uk/nigel-de-jong/profil/spieler/4672,20,£4.05m  
636,Hedwiges Maduro,https://www.transfermarkt.co.uk/hedwiges-maduro/profil/spieler/19057,20,£2.70m  
637,Denny Landzaat,https://www.transfermarkt.co.uk/denny-landzaat/profil/spieler/4570,29,£7.20m  
638,Rafael van der Vaart,https://www.transfermarkt.co.uk/rafael-van-der-vaart/profil/spieler/4192,22,£7.20m  
639,Ryan Babel,https://www.transfermarkt.co.uk/ryan-babel/profil/spieler/16135,18,£3.15m  
640,Dirk Kuyt,https://www.transfermarkt.co.uk/dirk-kuyt/profil/spieler/4010,24,£8.10m  
641,Martijn Meerdink,https://www.transfermarkt.co.uk/martijn-meerdink/profil/spieler/4551,28,£2.70m  
642,Roy Makaay,https://www.transfermarkt.co.uk/roy-makaay/profil/spieler/3994,30,£18.00m  
643,Jan Vennegoor of Hesselink,https://www.transfermarkt.co.uk/jan-vennegoor-of-hesselink/profil/spieler/4362,26,£5.40m  
644,Henk Timmer,https://www.transfermarkt.co.uk/henk-timmer/profil/spieler/4537,33,£2.25m  
645,Khalid Boulahrouz,https://www.transfermarkt.co.uk/khalid-boulahrouz/profil/spieler/4489,23,£5.85m  
646,Johnny Heitinga,https://www.transfermarkt.co.uk/johnny-heitinga/profil/spieler/4315,21,£4.05m  
647,Barry Opdam,https://www.transfermarkt.co.uk/barry-opdam/profil/spieler/4552,29,£2.25m  
648,Kew Jaliens,https://www.transfermarkt.co.uk/kew-jaliens/profil/spieler/4560,26,£900k  
649,Wilfred Bouma,https://www.transfermarkt.co.uk/wilfred-bouma/profil/spieler/4338,27,£4.50m  
650,Jan Kromkamp,https://www.transfermarkt.co.uk/jan-kromkamp/profil/spieler/4549,24,£7.20m  
651,George Boateng,https://www.transfermarkt.co.uk/george-boateng/profil/spieler/3358,29,£6.30m  
652,Phillip Cocu,https://www.transfermarkt.co.uk/phillip-cocu/profil/spieler/5198,34,£3.15m  
653,Theo Lucius,https://www.transfermarkt.co.uk/theo-lucius/profil/spieler/4349,28,£900k  
654,Wesley Sneijder,https://www.transfermarkt.co.uk/wesley-sneijder/profil/spieler/4673,21,£9.00m  
655,Nicky Hofs,https://www.transfermarkt.co.uk/nicky-hofs/profil/spieler/4424,22,£2.25m  
656,Arjen Robben,https://www.transfermarkt.co.uk/arjen-robben/profil/spieler/4360,21,£21.60m  
657,Romeo Castelen,https://www.transfermarkt.co.uk/romeo-castelen/profil/spieler/6764,22,£4.32m  
658,Ruud van Nistelrooy,https://www.transfermarkt.co.uk/ruud-van-nistelrooy/profil/spieler/3407,29,£37.35m  
659,Robin van Persie,https://www.transfermarkt.co.uk/robin-van-persie/profil/spieler/4380,21,£5.40m  
660,Oleksandr Shovkovsky,https://www.transfermarkt.co.uk/oleksandr-shovkovsky/profil/spieler/9775,30,£1.80m  
661,Maksym Startsev,https://www.transfermarkt.co.uk/maksym-startsev/profil/spieler/58976,25, 
662,Bogdan Shust,https://www.transfermarkt.co.uk/bogdan-shust/profil/spieler/38297,19, 
663,Oleksandr Yatsenko,https://www.transfermarkt.co.uk/oleksandr-yatsenko/profil/spieler/9776,20,£405k  
664,Vyacheslav Svidersky,https://www.transfermarkt.co.uk/vyacheslav-svidersky/profil/spieler/15681,26,£45k  
665,Sergiy Matyukhin,https://www.transfermarkt.co.uk/sergiy-matyukhin/profil/spieler/24036,25,- 
666,Andriy Rusol,https://www.transfermarkt.co.uk/andriy-rusol/profil/spieler/24050,22,- 
667,Andriy Nesmachny,https://www.transfermarkt.co.uk/andriy-nesmachny/profil/spieler/9787,26,£3.60m  
668,Vyacheslav Shevchuk,https://www.transfermarkt.co.uk/vyacheslav-shevchuk/profil/spieler/25820,26, 
669,Mykhaylo Starostyak,https://www.transfermarkt.co.uk/mykhaylo-starostyak/profil/spieler/14943,31,£45k  
670,Andriy Husin,https://www.transfermarkt.co.uk/andriy-husin/profil/spieler/9788,32,£1.35m  
671,Oleg Shelayev,https://www.transfermarkt.co.uk/oleg-shelayev/profil/spieler/24054,28,- 
672,Ruslan Rotan,https://www.transfermarkt.co.uk/ruslan-rotan/profil/spieler/24049,23,- 
673,Maksym Kalinichenko,https://www.transfermarkt.co.uk/maksym-kalinichenko/profil/spieler/15067,26,£45k  
674,Sergiy Zakarlyuka,https://www.transfermarkt.co.uk/sergiy-zakarlyuka/profil/spieler/14946,28,£45k  
675,Sergiy Shyshchenko,https://www.transfermarkt.co.uk/sergiy-shyshchenko/profil/spieler/29243,29, 
676,Andriy Voronin,https://www.transfermarkt.co.uk/andriy-voronin/profil/spieler/1075,25,£2.70m  
677,Andriy Shevchenko,https://www.transfermarkt.co.uk/andriy-shevchenko/profil/spieler/3522,28,£31.50m  
678,Oleg Venglynsky,https://www.transfermarkt.co.uk/oleg-venglynsky/profil/spieler/16004,27,£675k  
679,Oleksiy Belik,https://www.transfermarkt.co.uk/oleksiy-belik/profil/spieler/14927,24,£45k  
680,Vitali Reva,https://www.transfermarkt.co.uk/vitali-reva/profil/spieler/9779,30,£450k  
681,Andriy Pyatov,https://www.transfermarkt.co.uk/andriy-pyatov/profil/spieler/39996,21, 
682,Sergiy Fedorov,https://www.transfermarkt.co.uk/sergiy-fedorov/profil/spieler/9781,30,£2.70m  
683,Vladyslav Vashchuk,https://www.transfermarkt.co.uk/vladyslav-vashchuk/profil/spieler/15114,30,£360k  
684,Volodymyr Yezersky,https://www.transfermarkt.co.uk/volodymyr-yezersky/profil/spieler/24006,28,- 
685,Vyacheslav Checher,https://www.transfermarkt.co.uk/vyacheslav-checher/profil/spieler/24000,24,- 
686,Dmytro Chygrynskiy,https://www.transfermarkt.co.uk/dmytro-chygrynskiy/profil/spieler/25732,18, 
687,Oleksandr Radchenko,https://www.transfermarkt.co.uk/oleksandr-radchenko/profil/spieler/24046,28,- 
688,Yuri Dmytrulin,https://www.transfermarkt.co.uk/yuri-dmytrulin/profil/spieler/9780,30,£1.35m  
689,Anatoliy Tymoshchuk,https://www.transfermarkt.co.uk/anatoliy-tymoshchuk/profil/spieler/14944,26,£5.40m  
690,Ruslan Bidnenko,https://www.transfermarkt.co.uk/ruslan-bidnenko/profil/spieler/15878,23,£45k  
691,Jurij Maximov,https://www.transfermarkt.co.uk/jurij-maximov/profil/spieler/531,36,£135k  
692,Oleg Gusev,https://www.transfermarkt.co.uk/oleg-gusev/profil/spieler/9794,22,£450k  
693,Sergiy Nazarenko,https://www.transfermarkt.co.uk/sergiy-nazarenko/profil/spieler/24043,25,£360k  
694,Oleksandr Rykun,https://www.transfermarkt.co.uk/oleksandr-rykun/profil/spieler/24047,27, 
695,Sergiy Serebrennikov,https://www.transfermarkt.co.uk/sergiy-serebrennikov/profil/spieler/9631,28,£855k  
696,Sergiy Rebrov,https://www.transfermarkt.co.uk/sergiy-rebrov/profil/spieler/3122,31,£1.35m  
697,Andriy Vorobey,https://www.transfermarkt.co.uk/andriy-vorobey/profil/spieler/14945,26,£2.25m  
698,Artem Milevsky,https://www.transfermarkt.co.uk/artem-milevsky/profil/spieler/9800,20,£225k  
699,Oleksandr Kosyrin,https://www.transfermarkt.co.uk/oleksandr-kosyrin/profil/spieler/34771,28, 
700,Pascal Zuberbühler,https://www.transfermarkt.co.uk/pascal-zuberbuhler/profil/spieler/95,34,£900k  
701,Diego Benaglio,https://www.transfermarkt.co.uk/diego-benaglio/profil/spieler/1667,21,£180k  
702,Reto Ziegler,https://www.transfermarkt.co.uk/reto-ziegler/profil/spieler/9915,19,£2.03m  
703,Boris Smiljanic,https://www.transfermarkt.co.uk/boris-smiljanic/profil/spieler/2861,28,£1.58m  
704,Johan Djourou,https://www.transfermarkt.co.uk/johan-djourou/profil/spieler/34561,18, 
705,Philipp Degen,https://www.transfermarkt.co.uk/philipp-degen/profil/spieler/2895,22,£1.80m  
706,Raphael Wicky,https://www.transfermarkt.co.uk/raphael-wicky/profil/spieler/58,28,£2.70m  
707,Benjamin Huggel,https://www.transfermarkt.co.uk/benjamin-huggel/profil/spieler/2889,27,£1.58m  
708,Ricardo Cabanas,https://www.transfermarkt.co.uk/ricardo-cabanas/profil/spieler/2870,26,£1.49m  
709,David Degen,https://www.transfermarkt.co.uk/david-degen/profil/spieler/4911,22,£360k  
710,Hakan Yakin,https://www.transfermarkt.co.uk/hakan-yakin/profil/spieler/1054,28,£2.70m  
711,Xavier Margairaz,https://www.transfermarkt.co.uk/xavier-margairaz/profil/spieler/9554,21,£1.13m  
712,Alex Frei,https://www.transfermarkt.co.uk/alex-frei/profil/spieler/4977,25,£10.80m  
713,Mauro Lustrinelli,https://www.transfermarkt.co.uk/mauro-lustrinelli/profil/spieler/3892,29,£675k  
714,Fabio Coltorti,https://www.transfermarkt.co.uk/fabio-coltorti/profil/spieler/10250,24,£900k  
715,Patrick Müller,https://www.transfermarkt.co.uk/patrick-muller/profil/spieler/5347,28,£3.60m  
716,Stéphane Grichting,https://www.transfermarkt.co.uk/stephane-grichting/profil/spieler/5419,26,£1.80m  
717,Philippe Senderos,https://www.transfermarkt.co.uk/philippe-senderos/profil/spieler/4277,20,£1.35m  
718,Ludovic Magnin,https://www.transfermarkt.co.uk/ludovic-magnin/profil/spieler/1427,26,£1.58m  
719,Johann Vogel,https://www.transfermarkt.co.uk/johann-vogel/profil/spieler/4352,28,£4.50m  
720,Christoph Spycher,https://www.transfermarkt.co.uk/christoph-spycher/profil/spieler/2871,27,£2.16m  
721,Valon Behrami,https://www.transfermarkt.co.uk/valon-behrami/profil/spieler/21905,20,£450k  
722,Blerim Dzemaili,https://www.transfermarkt.co.uk/blerim-dzemaili/profil/spieler/9967,19,£675k  
723,Johan Vonlanthen,https://www.transfermarkt.co.uk/johan-vonlanthen/profil/spieler/4692,19,£3.15m  
724,Daniel Gygax,https://www.transfermarkt.co.uk/daniel-gygax/profil/spieler/4951,23,£1.80m  
725,Tranquillo Barnetta,https://www.transfermarkt.co.uk/tranquillo-barnetta/profil/spieler/6645,20,£900k  
726,Marco Streller,https://www.transfermarkt.co.uk/marco-streller/profil/spieler/4879,24,£3.15m  
727,Iker Casillas,https://www.transfermarkt.co.uk/iker-casillas/profil/spieler/3979,24,£22.50m  
728,Pepe Reina,https://www.transfermarkt.co.uk/pepe-reina/profil/spieler/7825,22,£4.05m  
729,Carlos Marchena,https://www.transfermarkt.co.uk/carlos-marchena/profil/spieler/7572,25,£11.70m  
730,Sergio Ramos,https://www.transfermarkt.co.uk/sergio-ramos/profil/spieler/25557,19,£6.53m  
731,Asier del Horno,https://www.transfermarkt.co.uk/asier-del-horno/profil/spieler/7617,24,£10.80m  
732,Mariano Pernía,https://www.transfermarkt.co.uk/mariano-pernia/profil/spieler/22973,28,£360k  
733,David Albelda,https://www.transfermarkt.co.uk/david-albelda/profil/spieler/7575,27,£13.50m  
734,Pablo Orbaiz,https://www.transfermarkt.co.uk/pablo-orbaiz/profil/spieler/7633,26,£810k  
735,Juanito,https://www.transfermarkt.co.uk/juanito/profil/spieler/7795,25,£270k  
736,Rubén Baraja,https://www.transfermarkt.co.uk/ruben-baraja/profil/spieler/4191,29,£11.25m  
737,Sergio,https://www.transfermarkt.co.uk/sergio/profil/spieler/7500,28,£7.20m  
738,Alberto Rivera,https://www.transfermarkt.co.uk/alberto-rivera/profil/spieler/23306,27,£720k  
739,Vicente,https://www.transfermarkt.co.uk/vicente/profil/spieler/7582,23,£19.80m  
740,José Antonio Reyes,https://www.transfermarkt.co.uk/jose-antonio-reyes/profil/spieler/7717,21,£22.05m  
741,Luis García,https://www.transfermarkt.co.uk/luis-garcia/profil/spieler/7920,27,£7.88m  
742,Fernando Torres,https://www.transfermarkt.co.uk/fernando-torres/profil/spieler/7767,21,£22.50m  
743,David Villa,https://www.transfermarkt.co.uk/david-villa/profil/spieler/7980,23,£10.80m  
744,Santiago Cañizares,https://www.transfermarkt.co.uk/santiago-canizares/profil/spieler/7562,35,£6.30m  
745,Carles Puyol,https://www.transfermarkt.co.uk/carles-puyol/profil/spieler/7594,27,£20.25m  
746,Pablo Ibáñez,https://www.transfermarkt.co.uk/pablo-ibanez/profil/spieler/8116,23,£7.43m  
747,Juanito,https://www.transfermarkt.co.uk/juanito/profil/spieler/7647,28,£5.40m  
748,Antonio López,https://www.transfermarkt.co.uk/antonio-lopez/profil/spieler/7723,23,£8.10m  
749,Míchel Salgado,https://www.transfermarkt.co.uk/michel-salgado/profil/spieler/7515,29,£8.55m  
750,Xabi Alonso,https://www.transfermarkt.co.uk/xabi-alonso/profil/spieler/7476,23,£13.50m  
751,Marcos Senna,https://www.transfermarkt.co.uk/marcos-senna/profil/spieler/7840,28,£360k  
752,Xavi,https://www.transfermarkt.co.uk/xavi/profil/spieler/7607,25,£18.90m  
753,Andrés Iniesta,https://www.transfermarkt.co.uk/andres-iniesta/profil/spieler/7600,21,£10.80m  
754,Cesc Fàbregas,https://www.transfermarkt.co.uk/cesc-fabregas/profil/spieler/8806,18,£6.75m  
755,Iván de la Peña,https://www.transfermarkt.co.uk/ivan-de-la-pena/profil/spieler/8037,29,£4.73m  
756,Albert Luque,https://www.transfermarkt.co.uk/albert-luque/profil/spieler/7506,27,£18.00m  
757,Joaquín,https://www.transfermarkt.co.uk/joaquin/profil/spieler/7663,23,£19.80m  
758,Raúl,https://www.transfermarkt.co.uk/raul/profil/spieler/7349,28,£22.50m  
759,Fernando Morientes,https://www.transfermarkt.co.uk/fernando-morientes/profil/spieler/7531,29,£14.40m  
760,Raúl Tamudo,https://www.transfermarkt.co.uk/raul-tamudo/profil/spieler/7899,27,£7.20m  
761,Gérard Gnanhouan,https://www.transfermarkt.co.uk/gerard-gnanhouan/profil/spieler/5442,26,£900k  
762,Jean-Jacques Tizie,https://www.transfermarkt.co.uk/jean-jacques-tizie/profil/spieler/28288,32, 
763,Abdoulaye Méïté,https://www.transfermarkt.co.uk/abdoulaye-meite/profil/spieler/5315,24,£3.60m  
764,Cyril Domoraud,https://www.transfermarkt.co.uk/cyril-domoraud/profil/spieler/6149,33,£900k  
765,Arthur Boka,https://www.transfermarkt.co.uk/arthur-boka/profil/spieler/13038,22,£1.13m  
766,Emmanuel Eboué,https://www.transfermarkt.co.uk/emmanuel-eboue/profil/spieler/13058,22,£1.98m  
767,Didier Zokora,https://www.transfermarkt.co.uk/didier-zokora/profil/spieler/13389,24,£2.70m  
768,Romaric,https://www.transfermarkt.co.uk/romaric/profil/spieler/15808,22,£1.08m  
769,Emerse Faé,https://www.transfermarkt.co.uk/emerse-fae/profil/spieler/12392,21,£2.70m  
770,Kanga Akalé,https://www.transfermarkt.co.uk/kanga-akale/profil/spieler/12060,24,£3.15m  
771,Bakari Koné,https://www.transfermarkt.co.uk/bakari-kone/profil/spieler/23941,23,£2.03m  
772,Aruna Dindane,https://www.transfermarkt.co.uk/aruna-dindane/profil/spieler/9597,24,£4.50m  
773,Arouna Koné,https://www.transfermarkt.co.uk/arouna-kone/profil/spieler/8552,21,£5.40m  
774,Boubacar Copa,https://www.transfermarkt.co.uk/boubacar-copa/profil/spieler/13041,25,£585k  
775,Kolo Touré,https://www.transfermarkt.co.uk/kolo-toure/profil/spieler/3202,24,£6.53m  
776,Marco Zoro,https://www.transfermarkt.co.uk/marco-zoro/profil/spieler/19138,21,£1.35m  
777,Blaise Kouassi,https://www.transfermarkt.co.uk/blaise-kouassi/profil/spieler/5450,30,£405k  
778,Siaka Tiéné,https://www.transfermarkt.co.uk/siaka-tiene/profil/spieler/34026,23, 
779,Guy Demel,https://www.transfermarkt.co.uk/guy-demel/profil/spieler/1368,24,£675k  
780,Gilles Yapi,https://www.transfermarkt.co.uk/gilles-yapi/profil/spieler/13105,23,£2.25m  
781,Abdoulaye Djiré,https://www.transfermarkt.co.uk/abdoulaye-djire/profil/spieler/15807,24,£450k  
782,Yaya Touré,https://www.transfermarkt.co.uk/yaya-toure/profil/spieler/13091,22,£1.80m  
783,Bonaventure Kalou,https://www.transfermarkt.co.uk/bonaventure-kalou/profil/spieler/4164,27,£6.75m  
784,Abdul Kader Keita,https://www.transfermarkt.co.uk/abdul-kader-keita/profil/spieler/33366,23, 
785,Didier Drogba,https://www.transfermarkt.co.uk/didier-drogba/profil/spieler/3924,27,£27.90m  
786,Kandia Traoré,https://www.transfermarkt.co.uk/kandia-traore/profil/spieler/38816,24, 
787,Andreas Isaksson,https://www.transfermarkt.co.uk/andreas-isaksson/profil/spieler/6590,23,£4.05m  
788,Rami Shaaban,https://www.transfermarkt.co.uk/rami-shaaban/profil/spieler/3199,30,£450k  
789,Olof Mellberg,https://www.transfermarkt.co.uk/olof-mellberg/profil/spieler/3098,27,£6.53m  
790,Teddy Lucic,https://www.transfermarkt.co.uk/teddy-lucic/profil/spieler/3734,32,£1.80m  
791,Daniel Majstorovic,https://www.transfermarkt.co.uk/daniel-majstorovic/profil/spieler/18785,28,£1.13m  
792,Lars Fredrik Risp,https://www.transfermarkt.co.uk/lars-fredrik-risp/profil/spieler/6266,24,£900k  
793,Karl Svensson,https://www.transfermarkt.co.uk/karl-svensson/profil/spieler/19292,21,- 
794,Mikael Dorsin,https://www.transfermarkt.co.uk/mikael-dorsin/profil/spieler/6151,23,£720k  
795,Alexander Östlund,https://www.transfermarkt.co.uk/alexander-ostlund/profil/spieler/15350,26,£1.13m  
796,Anders Svensson,https://www.transfermarkt.co.uk/anders-svensson/profil/spieler/3688,28,£4.05m  
797,Johan Arneng,https://www.transfermarkt.co.uk/johan-arneng/profil/spieler/15205,26,£450k  
798,Freddie Ljungberg,https://www.transfermarkt.co.uk/freddie-ljungberg/profil/spieler/3134,28,£15.30m  
799,Zlatan Ibrahimovic,https://www.transfermarkt.co.uk/zlatan-ibrahimovic/profil/spieler/3455,23,£25.20m  
800,Markus Rosenberg,https://www.transfermarkt.co.uk/markus-rosenberg/profil/spieler/27505,22,£4.95m  
801,Marcus Allbäck,https://www.transfermarkt.co.uk/marcus-allback/profil/spieler/3267,31,£1.58m  
802,Fredrik Berglund,https://www.transfermarkt.co.uk/fredrik-berglund/profil/spieler/4620,26,£540k  
803,Eddie Gustafsson,https://www.transfermarkt.co.uk/eddie-gustafsson/profil/spieler/15348,28,£675k  
804,John Alvbage,https://www.transfermarkt.co.uk/john-alvbage/profil/spieler/22012,22,- 
805,Daniel Andersson,https://www.transfermarkt.co.uk/daniel-andersson/profil/spieler/3456,27,£3.15m  
806,Petter Hansson,https://www.transfermarkt.co.uk/petter-hansson/profil/spieler/6854,28,£1.80m  
807,Fredrik Stenman,https://www.transfermarkt.co.uk/fredrik-stenman/profil/spieler/15216,22,£900k  
808,Olof Persson,https://www.transfermarkt.co.uk/olof-persson/profil/spieler/18799,27,£675k  
809,Erik Edman,https://www.transfermarkt.co.uk/erik-edman/profil/spieler/4394,26,£2.70m  
810,Mikael Nilsson,https://www.transfermarkt.co.uk/mikael-nilsson/profil/spieler/15353,27,£1.58m  
811,Kim Källström,https://www.transfermarkt.co.uk/kim-kallstrom/profil/spieler/3730,22,£4.50m  
812,Tobias Linderoth,https://www.transfermarkt.co.uk/tobias-linderoth/profil/spieler/3586,26,£2.25m  
813,Niclas Alexandersson,https://www.transfermarkt.co.uk/niclas-alexandersson/profil/spieler/3265,33,£1.80m  
814,Christian Wilhelmsson,https://www.transfermarkt.co.uk/christian-wilhelmsson/profil/spieler/9611,25,£4.50m  
815,Henrik Larsson,https://www.transfermarkt.co.uk/henrik-larsson/profil/spieler/3514,33,£5.40m  
816,Johan Elmander,https://www.transfermarkt.co.uk/johan-elmander/profil/spieler/4383,24,£3.15m  
817,Mattias Jonson,https://www.transfermarkt.co.uk/mattias-jonson/profil/spieler/15044,31,£900k  
818,Tobias Hysén,https://www.transfermarkt.co.uk/tobias-hysen/profil/spieler/17336,23,£360k  
819,Petr Cech,https://www.transfermarkt.co.uk/petr-cech/profil/spieler/5658,23,£18.00m  
820,Antonín Kinský,https://www.transfermarkt.co.uk/antonin-kinsky/profil/spieler/15322,30,£540k  
821,Jiri Jarosik,https://www.transfermarkt.co.uk/jiri-jarosik/profil/spieler/15581,27,£5.85m  
822,Martin Jiranek,https://www.transfermarkt.co.uk/martin-jiranek/profil/spieler/6065,26,£3.15m  
823,David Rozehnal,https://www.transfermarkt.co.uk/david-rozehnal/profil/spieler/9659,24,£2.25m  
824,Pavel Mares,https://www.transfermarkt.co.uk/pavel-mares/profil/spieler/15660,29,£450k  
825,Zdenek Pospech,https://www.transfermarkt.co.uk/zdenek-pospech/profil/spieler/21227,26,- 
826,Jan Polak,https://www.transfermarkt.co.uk/jan-polak/profil/spieler/3530,24,£2.70m  
827,Tomas Hübschman,https://www.transfermarkt.co.uk/tomas-hubschman/profil/spieler/9688,23,£1.80m  
828,Karel Pitak,https://www.transfermarkt.co.uk/karel-pitak/profil/spieler/21102,25,£495k  
829,Pavel Nedved,https://www.transfermarkt.co.uk/pavel-nedved/profil/spieler/3603,32,£25.20m  
830,Tomás Rosicky,https://www.transfermarkt.co.uk/tomas-rosicky/profil/spieler/132,24,£9.90m  
831,Lukas Zelenka,https://www.transfermarkt.co.uk/lukas-zelenka/profil/spieler/9673,25,£2.25m  
832,Libor Sionko,https://www.transfermarkt.co.uk/libor-sionko/profil/spieler/9770,28,£2.48m  
833,Jiri Stajner,https://www.transfermarkt.co.uk/jiri-stajner/profil/spieler/1557,29,£1.35m  
834,Jan Koller,https://www.transfermarkt.co.uk/jan-koller/profil/spieler/1157,32,£8.10m  
835,Marek Heinz,https://www.transfermarkt.co.uk/marek-heinz/profil/spieler/306,27,£1.35m  
836,Jaromír Blazek,https://www.transfermarkt.co.uk/jaromir-blazek/profil/spieler/9674,32,£720k  
837,Tomás Ujfalusi,https://www.transfermarkt.co.uk/tomas-ujfalusi/profil/spieler/325,27,£7.20m  
838,Radoslav Kovac,https://www.transfermarkt.co.uk/radoslav-kovac/profil/spieler/9702,25,£3.60m  
839,René Bolf,https://www.transfermarkt.co.uk/rene-bolf/profil/spieler/15314,31,£2.52m  
840,Marek Jankulovski,https://www.transfermarkt.co.uk/marek-jankulovski/profil/spieler/3532,28,£18.00m  
841,Zdenek Grygera,https://www.transfermarkt.co.uk/zdenek-grygera/profil/spieler/6833,25,£3.15m  
842,David Jarolím,https://www.transfermarkt.co.uk/david-jarolim/profil/spieler/773,26,£3.15m  
843,Tomás Galásek,https://www.transfermarkt.co.uk/tomas-galasek/profil/spieler/4319,32,£2.25m  
844,Jaroslav Plasil,https://www.transfermarkt.co.uk/jaroslav-plasil/profil/spieler/8885,23,£1.80m  
845,Karel Poborsky,https://www.transfermarkt.co.uk/karel-poborsky/profil/spieler/3420,33,£2.70m  
846,Stepan Vachousek,https://www.transfermarkt.co.uk/stepan-vachousek/profil/spieler/6117,25,£2.48m  
847,Vladimir Smicer,https://www.transfermarkt.co.uk/vladimir-smicer/profil/spieler/3217,32,£2.70m  
848,Rudi Skácel,https://www.transfermarkt.co.uk/rudi-skacel/profil/spieler/9524,25,£1.35m  
849,Tomas Jun,https://www.transfermarkt.co.uk/tomas-jun/profil/spieler/9692,22,£3.60m  
850,Milan Baros,https://www.transfermarkt.co.uk/milan-baros/profil/spieler/3216,23,£15.75m  
851,Vratislav Lokvenc,https://www.transfermarkt.co.uk/vratislav-lokvenc/profil/spieler/14,31,£3.15m  
852,João Ricardo,https://www.transfermarkt.co.uk/joao-ricardo/profil/spieler/14310,35,£225k  
853,Mario,https://www.transfermarkt.co.uk/mario/profil/spieler/27040,20, 
854,Kali,https://www.transfermarkt.co.uk/kali/profil/spieler/20178,26,£45k  
855,Lebo Lebo,https://www.transfermarkt.co.uk/lebo-lebo/profil/spieler/39994,28, 
856,Yamba Asha,https://www.transfermarkt.co.uk/yamba-asha/profil/spieler/42818,28, 
857,Marco Airosa,https://www.transfermarkt.co.uk/marco-airosa/profil/spieler/25220,20,- 
858,Loco,https://www.transfermarkt.co.uk/loco/profil/spieler/38818,20, 
859,Miloy,https://www.transfermarkt.co.uk/miloy/profil/spieler/40003,24, 
860,Mendonça,https://www.transfermarkt.co.uk/mendonca/profil/spieler/24717,22,- 
861,Gilberto,https://www.transfermarkt.co.uk/gilberto/profil/spieler/39558,22, 
862,Mauro,https://www.transfermarkt.co.uk/mauro/profil/spieler/14200,31,£45k  
863,Zé Kalanga,https://www.transfermarkt.co.uk/ze-kalanga/profil/spieler/39988,21, 
864,Freddy,https://www.transfermarkt.co.uk/freddy/profil/spieler/14097,25,£900k  
865,Akwá,https://www.transfermarkt.co.uk/akwa/profil/spieler/38815,28, 
866,Flávio,https://www.transfermarkt.co.uk/flavio/profil/spieler/38813,25, 
867,Lamá,https://www.transfermarkt.co.uk/lama/profil/spieler/39995,24, 
868,Rui Marques,https://www.transfermarkt.co.uk/rui-marques/profil/spieler/605,27,£450k  
869,Jamba,https://www.transfermarkt.co.uk/jamba/profil/spieler/38820,27, 
870,Marco Abreu,https://www.transfermarkt.co.uk/marco-abreu/profil/spieler/24863,30,- 
871,Luís Delgado,https://www.transfermarkt.co.uk/luis-delgado/profil/spieler/47714,25, 
872,Jacinto,https://www.transfermarkt.co.uk/jacinto/profil/spieler/38819,30, 
873,André Macanga,https://www.transfermarkt.co.uk/andre-macanga/profil/spieler/13162,27,£1.08m  
874,Figueiredo,https://www.transfermarkt.co.uk/figueiredo/profil/spieler/34875,32, 
875,Edson Nobre,https://www.transfermarkt.co.uk/edson-nobre/profil/spieler/33734,25, 
876,Maurito,https://www.transfermarkt.co.uk/maurito/profil/spieler/37576,24, 
877,Mateus,https://www.transfermarkt.co.uk/mateus/profil/spieler/37947,21, 
878,Mantorras,https://www.transfermarkt.co.uk/mantorras/profil/spieler/13233,23,£4.50m  
879,André Buengo,https://www.transfermarkt.co.uk/andre-buengo/profil/spieler/30302,25,£135k  
880,Johnson Macaba,https://www.transfermarkt.co.uk/johnson-macaba/profil/spieler/56547,26, 
881,Love,https://www.transfermarkt.co.uk/love/profil/spieler/40004,26, 
882,Yoshikatsu Kawaguchi,https://www.transfermarkt.co.uk/yoshikatsu-kawaguchi/profil/spieler/4174,29,£2.25m  
883,Yoichi Doi,https://www.transfermarkt.co.uk/yoichi-doi/profil/spieler/27574,31,£360k  
884,Ryota Tsuzuki,https://www.transfermarkt.co.uk/ryota-tsuzuki/profil/spieler/38779,27, 
885,Tsuneyasu Miyamoto,https://www.transfermarkt.co.uk/tsuneyasu-miyamoto/profil/spieler/27517,28,£2.16m  
886,Makoto Tanaka,https://www.transfermarkt.co.uk/makoto-tanaka/profil/spieler/27524,29,£1.26m  
887,Teruyuki Moniwa,https://www.transfermarkt.co.uk/teruyuki-moniwa/profil/spieler/31544,23,£675k  
888,Yoshinobu Minowa,https://www.transfermarkt.co.uk/yoshinobu-minowa/profil/spieler/79920,29, 
889,Yuichi Komano,https://www.transfermarkt.co.uk/yuichi-komano/profil/spieler/38777,23, 
890,Koji Nakata,https://www.transfermarkt.co.uk/koji-nakata/profil/spieler/27519,25,£1.89m  
891,Makoto Hasebe,https://www.transfermarkt.co.uk/makoto-hasebe/profil/spieler/39259,21, 
892,Yuki Abe,https://www.transfermarkt.co.uk/yuki-abe/profil/spieler/27765,23, 
893,Mitsuo Ogasawara,https://www.transfermarkt.co.uk/mitsuo-ogasawara/profil/spieler/27522,26,£1.35m  
894,Daisuke Matsui,https://www.transfermarkt.co.uk/daisuke-matsui/profil/spieler/25905,24,£450k  
895,Hidetoshi Nakata,https://www.transfermarkt.co.uk/hidetoshi-nakata/profil/spieler/5875,28,£9.00m  
896,Shunsuke Nakamura,https://www.transfermarkt.co.uk/shunsuke-nakamura/profil/spieler/6069,27,£2.25m  
897,Keiji Tamada,https://www.transfermarkt.co.uk/keiji-tamada/profil/spieler/27576,25,£2.03m  
898,Takayuki Suzuki,https://www.transfermarkt.co.uk/takayuki-suzuki/profil/spieler/13017,29,£2.25m  
899,Yoshito Okubo,https://www.transfermarkt.co.uk/yoshito-okubo/profil/spieler/27439,23,£1.35m  
900,Masashi Oguro,https://www.transfermarkt.co.uk/masashi-oguro/profil/spieler/31353,25,£675k  
901,Hisato Sato,https://www.transfermarkt.co.uk/hisato-sato/profil/spieler/77388,23, 
902,Seigo Narazaki,https://www.transfermarkt.co.uk/seigo-narazaki/profil/spieler/27521,29,£1.62m  
903,Takashi Shimoda,https://www.transfermarkt.co.uk/takashi-shimoda/profil/spieler/38778,29, 
904,Hitoshi Sogahata,https://www.transfermarkt.co.uk/hitoshi-sogahata/profil/spieler/27796,25, 
905,Keisuke Tsuboi,https://www.transfermarkt.co.uk/keisuke-tsuboi/profil/spieler/31358,25,£1.44m  
906,Takayuki Chano,https://www.transfermarkt.co.uk/takayuki-chano/profil/spieler/27573,28,£675k  
907,Yuji Nakazawa,https://www.transfermarkt.co.uk/yuji-nakazawa/profil/spieler/27520,27,£540k  
908,Akira Kaji,https://www.transfermarkt.co.uk/akira-kaji/profil/spieler/27657,25,£765k  
909,Junichi Inamoto,https://www.transfermarkt.co.uk/junichi-inamoto/profil/spieler/3568,25,£2.03m  
910,Takashi Fukunishi,https://www.transfermarkt.co.uk/takashi-fukunishi/profil/spieler/27514,28,£1.53m  
911,Yasuyuki Konno,https://www.transfermarkt.co.uk/yasuyuki-konno/profil/spieler/61885,22, 
912,Yasuhito Endo,https://www.transfermarkt.co.uk/yasuhito-endo/profil/spieler/27513,25,£1.44m  
913,Alex,https://www.transfermarkt.co.uk/alex/profil/spieler/27523,27,£3.15m  
914,Shinji Murai,https://www.transfermarkt.co.uk/shinji-murai/profil/spieler/86191,25, 
915,Shinji Ono,https://www.transfermarkt.co.uk/shinji-ono/profil/spieler/4379,25,£4.05m  
916,Masashi Motoyama,https://www.transfermarkt.co.uk/masashi-motoyama/profil/spieler/27518,26,£1.35m  
917,Tatsuya Tanaka,https://www.transfermarkt.co.uk/tatsuya-tanaka/profil/spieler/61897,22, 
918,Atsushi Yanagisawa,https://www.transfermarkt.co.uk/atsushi-yanagisawa/profil/spieler/6755,28,£1.62m  
919,Naohiro Takahara,https://www.transfermarkt.co.uk/naohiro-takahara/profil/spieler/2880,26,£1.26m  
920,Tatsuhiko Kubo,https://www.transfermarkt.co.uk/tatsuhiko-kubo/profil/spieler/27575,29,£360k  
921,Seiichiro Maki,https://www.transfermarkt.co.uk/seiichiro-maki/profil/spieler/39987,24, 
922,Mark Schwarzer,https://www.transfermarkt.co.uk/mark-schwarzer/profil/spieler/3357,32,£3.78m  
923,Ante Covic,https://www.transfermarkt.co.uk/ante-covic/profil/spieler/23618,30,- 
924,Craig Moore,https://www.transfermarkt.co.uk/craig-moore/profil/spieler/11367,29,£900k  
925,Ljubo Milicevic,https://www.transfermarkt.co.uk/ljubo-milicevic/profil/spieler/2901,24,£135k  
926,Michael Beauchamp,https://www.transfermarkt.co.uk/michael-beauchamp/profil/spieler/38669,24, 
927,Luke Wilkshire,https://www.transfermarkt.co.uk/luke-wilkshire/profil/spieler/3321,23,£450k  
928,Mark Bresciano,https://www.transfermarkt.co.uk/mark-bresciano/profil/spieler/5867,25,£6.75m  
929,Vince Grella,https://www.transfermarkt.co.uk/vince-grella/profil/spieler/6021,25,£2.70m  
930,Brett Emerton,https://www.transfermarkt.co.uk/brett-emerton/profil/spieler/4367,26,£4.05m  
931,Scott Chipperfield,https://www.transfermarkt.co.uk/scott-chipperfield/profil/spieler/2894,29,£3.60m  
932,Mile Sterjovski,https://www.transfermarkt.co.uk/mile-sterjovski/profil/spieler/5656,26,£900k  
933,Harry Kewell,https://www.transfermarkt.co.uk/harry-kewell/profil/spieler/3241,26,£11.70m  
934,Mark Viduka,https://www.transfermarkt.co.uk/mark-viduka/profil/spieler/3242,29,£7.20m  
935,Archie Thompson,https://www.transfermarkt.co.uk/archie-thompson/profil/spieler/13148,26,£675k  
936,Zeljko Kalac,https://www.transfermarkt.co.uk/zeljko-kalac/profil/spieler/6079,32,£360k  
937,Lucas Neill,https://www.transfermarkt.co.uk/lucas-neill/profil/spieler/3826,27,£2.70m  
938,Anthony Popovic,https://www.transfermarkt.co.uk/anthony-popovic/profil/spieler/14058,31,£900k  
939,Michael Thwaite,https://www.transfermarkt.co.uk/michael-thwaite/profil/spieler/25944,22, 
940,Tony Vidmar,https://www.transfermarkt.co.uk/tony-vidmar/profil/spieler/3813,34,£450k  
941,Mark Milligan,https://www.transfermarkt.co.uk/mark-milligan/profil/spieler/37372,19, 
942,Josip Skoko,https://www.transfermarkt.co.uk/josip-skoko/profil/spieler/7266,29,£2.70m  
943,Jason Culina,https://www.transfermarkt.co.uk/jason-culina/profil/spieler/19051,24,£720k  
944,Ahmad Elrich,https://www.transfermarkt.co.uk/ahmad-elrich/profil/spieler/30220,24,£675k  
945,Stan Lazaridis,https://www.transfermarkt.co.uk/stan-lazaridis/profil/spieler/3747,32,£2.93m  
946,Tim Cahill,https://www.transfermarkt.co.uk/tim-cahill/profil/spieler/13556,25,£3.38m  
947,Joel Griffiths,https://www.transfermarkt.co.uk/joel-griffiths/profil/spieler/9552,25,£338k  
948,John Aloisi,https://www.transfermarkt.co.uk/john-aloisi/profil/spieler/7741,29,£2.03m  
949,Joshua Kennedy,https://www.transfermarkt.co.uk/joshua-kennedy/profil/spieler/701,22,£540k  
950,Ebrahim Mirzapour,https://www.transfermarkt.co.uk/ebrahim-mirzapour/profil/spieler/24645,26,£675k  
951,Vahid Talebloo,https://www.transfermarkt.co.uk/vahid-talebloo/profil/spieler/24626,23,- 
952,Yahya Golmohammadi,https://www.transfermarkt.co.uk/yahya-golmohammadi/profil/spieler/24642,34,£540k  
953,Sohrab Bakhtiarizadeh,https://www.transfermarkt.co.uk/sohrab-bakhtiarizadeh/profil/spieler/37718,30, 
954,Hossein Kaebi,https://www.transfermarkt.co.uk/hossein-kaebi/profil/spieler/24643,19,£675k  
955,Mohammad Alavi,https://www.transfermarkt.co.uk/mohammad-alavi/profil/spieler/24638,23,- 
956,Sattar Zare,https://www.transfermarkt.co.uk/sattar-zare/profil/spieler/24651,23,£360k  
957,Ali Karimi,https://www.transfermarkt.co.uk/ali-karimi/profil/spieler/15412,26,£4.28m  
958,Moharram Navidkia,https://www.transfermarkt.co.uk/moharram-navidkia/profil/spieler/17891,22,£675k  
959,Mojtaba Jabbari,https://www.transfermarkt.co.uk/mojtaba-jabbari/profil/spieler/77552,22, 
960,Javad Kazemian,https://www.transfermarkt.co.uk/javad-kazemian/profil/spieler/24672,24,£540k  
961,Gholamreza Enayati,https://www.transfermarkt.co.uk/gholamreza-enayati/profil/spieler/24610,28,£1.80m  
962,Rasoul Khatibi,https://www.transfermarkt.co.uk/rasoul-khatibi/profil/spieler/314,26,£405k  
963,Hassan Roudbarian,https://www.transfermarkt.co.uk/hassan-roudbarian/profil/spieler/24624,26,£270k  
964,Rahman Rezaei,https://www.transfermarkt.co.uk/rahman-rezaei/profil/spieler/5218,30,£1.35m  
965,Mohammad Nosrati,https://www.transfermarkt.co.uk/mohammad-nosrati/profil/spieler/24620,24,£450k  
966,Amir Hossein Sadeghi,https://www.transfermarkt.co.uk/amir-hossein-sadeghi/profil/spieler/37711,23, 
967,Javad Nekounam,https://www.transfermarkt.co.uk/javad-nekounam/profil/spieler/24619,24,£675k  
968,Andranik Teymourian,https://www.transfermarkt.co.uk/andranik-teymourian/profil/spieler/39938,22, 
969,Mehdi Mahdavikia,https://www.transfermarkt.co.uk/mehdi-mahdavikia/profil/spieler/317,27,£2.25m  
970,Ferydoon Zandi,https://www.transfermarkt.co.uk/ferydoon-zandi/profil/spieler/424,26,£900k  
971,Masoud Shojaei,https://www.transfermarkt.co.uk/masoud-shojaei/profil/spieler/26574,21, 
972,Mehrzad Madanchi,https://www.transfermarkt.co.uk/mehrzad-madanchi/profil/spieler/27049,20, 
973,Vahid Hashemian,https://www.transfermarkt.co.uk/vahid-hashemian/profil/spieler/305,28,£3.15m  
974,Ali Daei,https://www.transfermarkt.co.uk/ali-daei/profil/spieler/335,36,£900k  
975,Arash Borhani,https://www.transfermarkt.co.uk/arash-borhani/profil/spieler/24604,21,£360k  
976,Khaled Fadhel,https://www.transfermarkt.co.uk/khaled-fadhel/profil/spieler/25783,28,£270k  
977,Ali Boumnijel,https://www.transfermarkt.co.uk/ali-boumnijel/profil/spieler/5577,39,£45k  
978,Karim Saïdi,https://www.transfermarkt.co.uk/karim-saidi/profil/spieler/17930,22,£3.78m  
979,Karim Haggui,https://www.transfermarkt.co.uk/karim-haggui/profil/spieler/17885,21,£1.35m  
980,Wissem Abdi,https://www.transfermarkt.co.uk/wissem-abdi/profil/spieler/31423,26,£315k  
981,Issam Mardassi,https://www.transfermarkt.co.uk/issam-mardassi/profil/spieler/111975,24, 
982,Anis Ayari,https://www.transfermarkt.co.uk/anis-ayari/profil/spieler/25479,23,£900k  
983,Hatem Trabelsi,https://www.transfermarkt.co.uk/hatem-trabelsi/profil/spieler/4318,28,£4.50m  
984,Karim Essediri,https://www.transfermarkt.co.uk/karim-essediri/profil/spieler/26280,25,£450k  
985,Anis Boussaidi,https://www.transfermarkt.co.uk/anis-boussaidi/profil/spieler/42933,24, 
986,Mehdi Nafti,https://www.transfermarkt.co.uk/mehdi-nafti/profil/spieler/7862,26,£1.80m  
987,Kaies Ghodhbane,https://www.transfermarkt.co.uk/kaies-ghodhbane/profil/spieler/16812,29,£1.80m  
988,Haythem Mrabet,https://www.transfermarkt.co.uk/haythem-mrabet/profil/spieler/111981,24, 
989,Selim Benachour,https://www.transfermarkt.co.uk/selim-benachour/profil/spieler/12148,23,£1.35m  
990,Chaouki Ben Saada,https://www.transfermarkt.co.uk/chaouki-ben-saada/profil/spieler/5597,21,£810k  
991,Santos,https://www.transfermarkt.co.uk/santos/profil/spieler/5412,26,£5.85m  
992,Issam Jemâa,https://www.transfermarkt.co.uk/issam-jemaa/profil/spieler/31430,21,£1.08m  
993,Amine Letifi,https://www.transfermarkt.co.uk/amine-letifi/profil/spieler/49844,20, 
994,Hamdi Kasraoui,https://www.transfermarkt.co.uk/hamdi-kasraoui/profil/spieler/31431,22,£135k  
995,Adel Nefzi,https://www.transfermarkt.co.uk/adel-nefzi/profil/spieler/40013,31, 
996,Radhi Jaidi,https://www.transfermarkt.co.uk/radhi-jaidi/profil/spieler/19310,29,£1.67m  
997,Alaeddine Yahia,https://www.transfermarkt.co.uk/alaeddine-yahia/profil/spieler/5451,23,£1.26m  
998,Khaled Badra,https://www.transfermarkt.co.uk/khaled-badra/profil/spieler/49834,32, 
999,Clayton,https://www.transfermarkt.co.uk/clayton/profil/spieler/31426,31,£990k  
1000,Wissem El Bekri,https://www.transfermarkt.co.uk/wissem-el-bekri/profil/spieler/21167,21,£45k  
1001,David Jemmali,https://www.transfermarkt.co.uk/david-jemmali/profil/spieler/5370,30,£1.35m  
1002,Amir Haj Massaoud,https://www.transfermarkt.co.uk/amir-haj-massaoud/profil/spieler/31429,24,£315k  
1003,Riadh Bouazizi,https://www.transfermarkt.co.uk/riadh-bouazizi/profil/spieler/7263,32,£2.25m  
1004,Jaouhar Mnari,https://www.transfermarkt.co.uk/jaouhar-mnari/profil/spieler/31199,28,£900k  
1005,Adel Chedli,https://www.transfermarkt.co.uk/adel-chedli/profil/spieler/5400,28,£540k  
1006,Sofiene Melliti,https://www.transfermarkt.co.uk/sofiene-melliti/profil/spieler/38067,26, 
1007,Hamed Namouchi,https://www.transfermarkt.co.uk/hamed-namouchi/profil/spieler/11492,21,£1.13m  
1008,Yassine Chikhaoui,https://www.transfermarkt.co.uk/yassine-chikhaoui/profil/spieler/39989,18, 
1009,Zied Jaziri,https://www.transfermarkt.co.uk/zied-jaziri/profil/spieler/13936,26,£4.05m  
1010,Haykel Gmamdia,https://www.transfermarkt.co.uk/haykel-gmamdia/profil/spieler/31428,23,£315k  
1011,Dida,https://www.transfermarkt.co.uk/dida/profil/spieler/5800,31,£13.50m  
1012,Júlio César,https://www.transfermarkt.co.uk/julio-cesar/profil/spieler/22412,25,£1.80m  
1013,Lúcio,https://www.transfermarkt.co.uk/lucio/profil/spieler/77,27,£14.40m  
1014,Luisão,https://www.transfermarkt.co.uk/luisao/profil/spieler/13230,24,£9.00m  
1015,Cris,https://www.transfermarkt.co.uk/cris/profil/spieler/3165,28,£5.40m  
1016,Gustavo Nery,https://www.transfermarkt.co.uk/gustavo-nery/profil/spieler/16629,27,£2.25m  
1017,Cafú,https://www.transfermarkt.co.uk/cafu/profil/spieler/5937,35,£2.70m  
1018,Émerson,https://www.transfermarkt.co.uk/emerson/profil/spieler/70,29,£25.20m  
1019,Mineiro,https://www.transfermarkt.co.uk/mineiro/profil/spieler/35198,29, 
1020,Zé Roberto,https://www.transfermarkt.co.uk/ze-roberto/profil/spieler/89,30,£13.50m  
1021,Kaká,https://www.transfermarkt.co.uk/kaka/profil/spieler/3366,23,£23.40m  
1022,Ricardinho,https://www.transfermarkt.co.uk/ricardinho/profil/spieler/13833,29,£2.70m  
1023,Ronaldo,https://www.transfermarkt.co.uk/ronaldo/profil/spieler/3140,28,£29.70m  
1024,Fred,https://www.transfermarkt.co.uk/fred/profil/spieler/31005,21,£6.75m  
1025,Heurelho Gomes,https://www.transfermarkt.co.uk/heurelho-gomes/profil/spieler/19059,24,£3.15m  
1026,Rogério Ceni,https://www.transfermarkt.co.uk/rogerio-ceni/profil/spieler/13811,32, 
1027,Juan,https://www.transfermarkt.co.uk/juan/profil/spieler/1599,26,£10.80m  
1028,Edmílson,https://www.transfermarkt.co.uk/edmilson/profil/spieler/5343,28,£8.10m  
1029,Roberto Carlos,https://www.transfermarkt.co.uk/roberto-carlos/profil/spieler/7518,32,£12.15m  
1030,Maicon,https://www.transfermarkt.co.uk/maicon/profil/spieler/18301,23,£5.40m  
1031,Cicinho,https://www.transfermarkt.co.uk/cicinho/profil/spieler/26101,25,£2.70m  
1032,Gilberto Silva,https://www.transfermarkt.co.uk/gilberto-silva/profil/spieler/3194,28,£6.30m  
1033,Gilberto,https://www.transfermarkt.co.uk/gilberto/profil/spieler/18734,29,£4.05m  
1034,Ronaldinho,https://www.transfermarkt.co.uk/ronaldinho/profil/spieler/3373,25,£45.00m  
1035,Juninho Pernambucano,https://www.transfermarkt.co.uk/juninho-pernambucano/profil/spieler/5354,30,£13.50m  
1036,Robinho,https://www.transfermarkt.co.uk/robinho/profil/spieler/15511,21,£19.80m  
1037,Adriano,https://www.transfermarkt.co.uk/adriano/profil/spieler/5876,23,£27.00m  
