Date,Team1,Team1_score,Team2,Team2_score,team1_fouls,team2_fouls,team1_yellow_cards,team2_yellow_cards,team1_red_cards,team2_red_cards,team1_offsides,team2_offsides,team1_won_corners,team2_won_corners,team1_saves,team2_saves,team1_possession,team2_possession,team1_shots,team2_shots,team1_lineup,team2_lineup
20140612,Brazil,3,Croatia,1,5,21,2,2,0,0,1,0,7,3,3,3,58%,42%,14 (9),10 (4),"12 Júlio César_4 David Luiz_3 Thiago Silva_6 Marcelo   OG_2 Dani Alves_10 Neymar  
  _17 Luiz Gustavo  _8 Paulinho_9 Fred_7 Hulk_11 Oscar  ",1 Stipe Pletikosa_6 Dejan Lovren  _5 Vedran Corluka  _2 Sime Vrsaljko_11 Darijo Srna_20 Mateo Kovacic_7 Ivan Rakitic_10 Luka Modric_9 Nikica Jelavic_18 Ivica Olic_4 Ivan Perisic
20140613,Mexico,1,Cameroon,0,11,12,1,1,0,0,5,3,2,5,3,1,58%,42%,9 (5),10 (4),13 Guillermo Ochoa_4 Rafael Márquez_15 Héctor Moreno  _2 Maza_7 Miguel Layún_22 Paul Aguilar_23 José Vázquez_18 Andrés Guardado_6 Héctor Herrera_10 Giovani dos Santos_19 Oribe Peralta  ,16 Charles Itandje_14 Aurélien Chedjou_3 Nicolas N'Koulou_6 Alex Song_2 Benoît Assou-Ekotto_4 Cedric Djeugoue_18 Eyong Enoh_17 Stéphane M'bia_13 Maxim Choupo-Moting_8 Benjamin Moukandjo_9 Samuel Eto'o
20140613,Spain,1,Netherlands,5,5,18,1,3,0,0,5,5,4,1,3,5,57%,43%,9 (6),13 (11),1 Iker Casillas  _15 Sergio Ramos_3 Gerard Piqué_18 Jordi Alba_22 César Azpilicueta_8 Xavi_14 Xabi Alonso  _16 Sergio Busquets_19 Diego Costa_6 Andrés Iniesta_21 David Silva,"1 Jasper Cillessen_2 Ron Vlaar_4 Bruno Martins Indi_3 Stefan de Vrij  
 _6 Nigel de Jong_8 Jonathan de Guzmán  _10 Wesley Sneijder_5 Daley Blind_7 Daryl Janmaat_11 Arjen Robben  
 _9 Robin van Persie  
  "
20140613,Chile,3,Australia,1,9,18,1,3,0,0,1,1,3,1,2,3,62%,38%,11 (9),13 (6),1 Claudio Bravo_18 Gonzalo Jara_17 Gary Medel_21 Marcelo Díaz_2 Eugenio Mena_4 Mauricio Isla_10 Jorge Valdivia  _8 Arturo Vidal_20 Charles Aránguiz  _11 Eduardo Vargas_7 Alexis Sánchez  ,"1 Mathew Ryan_6 Matthew Spiranovic_22 Alex Wilkinson_3 Jason Davidson_2 Ivan Franjic_23 Mark Bresciano_5 Mark Milligan  _15 Mile Jedinak  _4 Tim Cahill  
 _11 Tommy Oar_7 Mathew Leckie"
20140614,Colombia,3,Greece,0,19,14,1,2,0,0,1,3,4,4,3,4,46%,54%,12 (8),12 (7),1 David Ospina_3 Mario Yepes_2 Cristián Zapata_7 Pablo Armero  _18 Juan Zúñiga_10 James Rodríguez  _6 Carlos Sánchez  _8 Abel Aguilar_9 Teófilo Gutiérrez  _14 Victor Ibarbo_11 Juan Cuadrado,1 Orestis Karnezis_19 Sokratis Papastathopoulos  _4 Kostas Manolas_20 José Holebas_15 Vasilis Torosidis_21 Kostas Katsouranis_8 Panagiotis Kone_2 Giannis Maniatis_7 Giorgos Samaras_14 Dimitris Salpingidis  _17 Theofanis Gekas
20140614,Uruguay,1,Costa Rica,3,20,18,3,0,1,0,6,2,5,6,2,1,54%,46%,9 (5),12 (4),1 Fernando Muslera_3 Diego Godín_2 Diego Lugano  _22 Martín Cáceres  _16 Maxi Pereira  _17 Egidio Arévalo Ríos_5 Walter Gargano  _7 Cristian Rodríguez_11 Cristhian Stuani_10 Diego Forlán_21 Edinson Cavani  ,1 Keylor Navas_3 Giancarlo González_4 Michael Umaña_6 Óscar Duarte  _15 Júnior Díaz_16 Cristian Gamboa_5 Celso Borges_17 Yeltsin Tejeda_7 Christian Bolaños_10 Bryan Ruiz_9 Joel Campbell  
20140614,England,1,Italy,2,8,12,1,0,0,0,0,7,9,2,4,1,48%,52%,18 (8),12 (5),1 Joe Hart_6 Phil Jagielka_5 Gary Cahill_3 Leighton Baines_2 Glen Johnson_19 Raheem Sterling  _14 Jordan Henderson_4 Steven Gerrard_9 Daniel Sturridge  _10 Wayne Rooney_11 Danny Welbeck,12 Salvatore Sirigu_20 Gabriel Paletta_15 Andrea Barzagli_16 Daniele De Rossi_3 Giorgio Chiellini_4 Matteo Darmian_21 Andrea Pirlo_23 Marco Verratti_8 Claudio Marchisio  _6 Antonio Candreva_9 Mario Balotelli  
20140614,Ivory Coast,2,Japan,1,12,13,2,2,0,0,3,1,8,5,4,2,57%,43%,20 (10),7 (4),1 Boubacar Barry_22 Sol Bamba  _5 Didier Zokora  _3 Arthur Boka_17 Serge Aurier_19 Yaya Touré_20 Serey Dié_9 Cheick Tioté_12 Wilfried Bony  _10 Gervinho  _8 Salomon Kalou,1 Eiji Kawashima_22 Maya Yoshida  _6 Masato Morishige  _5 Yuto Nagatomo_2 Atsuto Uchida_4 Keisuke Honda  _17 Makoto Hasebe_16 Hotaru Yamaguchi_18 Yuya Osako_10 Shinji Kagawa_9 Shinji Okazaki
20140615,Switzerland,2,Ecuador,1,9,15,1,1,0,0,1,4,8,5,5,3,56%,44%,18 (12),10 (6),1 Diego Benaglio_5 Steve von Bergen_20 Johan Djourou  _13 Ricardo Rodríguez_2 Stephan Lichtsteiner_10 Granit Xhaka_8 Gökhan Inler_11 Valon Behrami_19 Josip Drmic_14 Valentin Stocker_23 Xherdan Shaqiri,22 Alexander Domínguez_3 Frickson Erazo_2 Jorge Guagua_10 Walter Ayoví_4 Juan Carlos Paredes  _6 Christian Noboa_23 Carlos Gruezo_7 Jefferson Montero_16 Antonio Valencia_13 Enner Valencia  _11 Felipe Caicedo
20140615,France,3,Honduras,0,13,14,3,2,0,1,1,2,8,0,2,1,63%,37%,20 (10),4 (2),"1 Hugo Lloris_5 Mamadou Sakho_4 Raphaël Varane_3 Patrice Evra  _2 Mathieu Debuchy_6 Yohan Cabaye  _14 Blaise Matuidi_19 Paul Pogba  _10 Karim Benzema  
 _11 Antoine Griezmann_8 Mathieu Valbuena","18 Noel Valladares   OG_3 Maynor Figueroa_5 Víctor Bernárdez_7 Emilio Izaguirre_21 Brayan Beckeles_8 Wilson Palacios  
 _19 Luis Garrido  _15 Roger Espinoza_17 Andy Nájar_13 Carlo Costly_11 Jerry Bengtson"
20140615,Argentina,2,Bosnia and Herzegovina,1,10,14,1,1,0,0,0,3,2,6,3,5,55%,45%,11 (5),16 (11),1 Sergio Romero_17 Federico Fernández_2 Ezequiel Garay_3 Hugo Campagnaro_16 Marcos Rojo  _4 Pablo Zabaleta_14 Javier Mascherano_7 Ángel Di María_11 Maxi Rodríguez_20 Sergio Agüero_10 Lionel Messi  ,1 Asmir Begovic_4 Emir Spahic  _3 Ermin Bicakcic_5 Sead Kolasinac   OG_13 Mensur Mujdza_10 Zvjezdan Misimovic_7 Muhamed Besic_8 Miralem Pjanic_11 Edin Dzeko_16 Senad Lulic_20 Izet Hajrovic
20140616,Germany,4,Portugal,0,8,11,0,1,0,1,2,1,4,6,2,4,54%,43%,13 (9),14 (9),"1 Manuel Neuer_5 Mats Hummels  _17 Per Mertesacker_4 Benedikt Höwedes_20 Jérôme Boateng_16 Philipp Lahm_18 Toni Kroos_6 Sami Khedira_13 Thomas Müller  
  _19 Mario Götze_8 Mesut Özil",12 Rui Patrício_2 Bruno Alves_3 Pepe  _5 Fábio Coentrão_21 João Pereira  _4 Miguel Veloso_16 Raul Meireles_8 João Moutinho_9 Hugo Almeida_7 Cristiano Ronaldo_17 Nani
20140616,Iran,0,Nigeria,0,18,16,1,0,0,0,1,0,2,7,1,4,37%,63%,7 (3),10 (6),12 Alireza Haghighi_5 Amirhossein Sadeghi_4 Seyed Jalal Hosseini_23 Mehrdad Pooladi_15 Pejman Montazeri_3 Ehsan Hajsafi_6 Javad Nekounam_14 Andranik Teymourian  _16 Reza Ghoochannejhad_21 Ashkan Dejagah_2 Khosro Heydari,1 Vincent Enyeama_14 Godfrey Oboabona_22 Kenneth Omeruo_13 Juwon Oshaniwa_5 Efe Ambrose_15 Ramon Azeez_10 John Obi Mikel_17 Ogenyi Onazi_9 Emmanuel Emenike_11 Victor Moses_7 Ahmed Musa
20140616,Ghana,1,United States,2,10,12,2,0,0,0,5,1,7,3,4,3,59%,41%,21 (8),8 (7),12 Adam Kwarasey_19 Jonathan Mensah_21 John Boye_20 Kwadwo Asamoah_4 Daniel Opare_13 Jordan Ayew_11 Sulley Muntari  _17 Mohammed Rabiu  _3 Asamoah Gyan_10 André Ayew  _7 Christian Atsu,1 Tim Howard_5 Matt Besler_20 Geoff Cameron_15 Kyle Beckerman_7 DaMarcus Beasley_23 Fabian Johnson_4 Michael Bradley_13 Jermaine Jones_11 Alejandro Bedoya_8 Clint Dempsey  _17 Jozy Altidore
20140617,Belgium,2,Algeria,1,21,18,1,1,0,0,3,0,7,2,6,0,65%,35%,16 (10),3 (1),1 Thibaut Courtois_4 Vincent Kompany_15 Daniel van Buyten_5 Jan Vertonghen  _2 Toby Alderweireld_22 Nacer Chadli_19 Mousa Dembélé_6 Axel Witsel_9 Romelu Lukaku_10 Eden Hazard_7 Kevin De Bruyne,23 Rais M'Bolhi_5 Rafik Halliche_2 Madjid Bouguerra_12 Carl Medjani_3 Faouzi Ghoulam_22 Mehdi Mostefa_14 Nabil Bentaleb  _19 Saphir Taïder_21 Riyad Mahrez_10 Sofiane Feghouli  _15 Hillel Soudani
20140617,Brazil,0,Mexico,0,13,18,2,2,0,0,5,0,4,3,6,2,53%,47%,14 (8),13 (3),12 Júlio César_4 David Luiz_3 Thiago Silva  _6 Marcelo_2 Dani Alves_10 Neymar_17 Luiz Gustavo_8 Paulinho_9 Fred_11 Oscar_16 Ramires  ,13 Guillermo Ochoa_4 Rafael Márquez_15 Héctor Moreno_2 Maza_7 Miguel Layún_22 Paul Aguilar  _23 José Vázquez  _18 Andrés Guardado_6 Héctor Herrera_10 Giovani dos Santos_19 Oribe Peralta
20140617,Russia,1,South Korea,1,15,7,1,3,0,0,0,0,4,4,4,4,48%,52%,16 (10),10 (6),1 Igor Akinfeev_4 Sergei Ignashevich_14 Vasili Berezutski_23 Dmitri Kombarov_22 Andrey Eshchenko_17 Oleg Shatov  _20 Viktor Faizulin_8 Denis Glushakov_9 Aleksandr Kokorin_18 Yuri Zhirkov_19 Aleksandr Samedov,1 Jung Sung-Ryong_5 Kim Young-Gwon_20 Hong Jeong-Ho_3 Yun Suk-Young_12 Lee Yong_13 Koo Ja-Cheol  _16 Ki Sung-Yueng  _14 Han Kook-Young_10 Park Chu-Young_9 Son Heung-Min  _17 Lee Chung-Yong
20140618,Australia,2,Netherlands,3,18,25,1,1,0,0,1,1,3,2,2,7,48%,52%,10 (8),15 (14),"1 Maty Ryan_6 Matthew Spiranovic_22 Alex Wilkinson_3 Jason Davidson_19 Ryan McGowan_23 Mark Bresciano_17 Matt McKay_15 Mile Jedinak  _4 Tim Cahill  
 _11 Tommy Oar_7 Mathew Leckie","1 Jasper Cillessen_2 Ron Vlaar_4 Bruno Martins Indi_3 Stefan de Vrij_6 Nigel de Jong_8 Jonathan de Guzmán_10 Wesley Sneijder_5 Daley Blind_7 Daryl Janmaat_11 Arjen Robben  _9 Robin van Persie  
 "
20140618,Spain,0,Chile,2,14,15,1,2,0,0,1,2,7,1,6,2,56%,44%,15 (9),7 (4),1 Iker Casillas_15 Sergio Ramos_4 Javi Martínez_18 Jordi Alba_22 César Azpilicueta_21 David Silva_14 Xabi Alonso  _16 Sergio Busquets_19 Diego Costa_6 Andrés Iniesta_11 Pedro,1 Claudio Bravo_17 Gary Medel_18 Gonzalo Jara_5 Francisco Silva_21 Marcelo Díaz_20 Charles Aránguiz  _8 Arturo Vidal  _2 Eugenio Mena  _4 Mauricio Isla_11 Eduardo Vargas  _7 Alexis Sánchez
20140618,Cameroon,0,Croatia,4,11,9,0,1,1,0,0,4,4,7,1,6,49%,51%,18 (7),21 (14),16 Charles Itandje_14 Aurélien Chedjou_3 Nicolas N'Koulou_21 Joël Matip_2 Benoît Assou-Ekotto_17 Stéphane M'bia_18 Eyong Enoh_6 Alex Song  _13 Maxim Choupo-Moting_8 Benjamin Moukandjo_10 Vincent Aboubakar,"1 Stipe Pletikosa_6 Dejan Lovren_5 Vedran Corluka_3 Danijel Pranjic_11 Darijo Srna_19 Sammir_7 Ivan Rakitic_10 Luka Modric_17 Mario Mandzukic  
 _18 Ivica Olic  _4 Ivan Perisic  "
20140619,Colombia,2,Ivory Coast,1,11,14,0,2,0,0,3,2,5,5,4,4,45%,55%,11 (8),15 (12),1 David Ospina_3 Mario Yepes_2 Cristián Zapata_7 Pablo Armero_18 Juan Zúñiga_10 James Rodríguez  _6 Carlos Sánchez_8 Abel Aguilar_9 Teófilo Gutiérrez_14 Victor Ibarbo_11 Juan Cuadrado,1 Boubacar Barry_22 Sol Bamba_5 Didier Zokora  _3 Arthur Boka_17 Serge Aurier_19 Yaya Touré_20 Serey Dié_9 Cheick Tioté  _12 Wilfried Bony_10 Gervinho  _15 Max Gradel
20140619,Uruguay,2,England,1,17,12,1,1,0,0,3,1,7,6,3,5,38%,62%,10 (6),13 (8),"1 Fernando Muslera_3 Diego Godín  _13 José Giménez_17 Egidio Arévalo Ríos_6 Álvaro Pereira_22 Martín Cáceres_14 Nicolas Lodeiro_7 Cristian Rodríguez_20 Álvaro González_9 Luis Suárez  
 _21 Edinson Cavani",1 Joe Hart_6 Phil Jagielka_5 Gary Cahill_3 Leighton Baines_2 Glen Johnson_10 Wayne Rooney  _14 Jordan Henderson_4 Steven Gerrard  _9 Daniel Sturridge_11 Danny Welbeck_19 Raheem Sterling
20140619,Japan,0,Greece,0,23,18,1,3,0,1,1,3,5,7,5,4,68%,32%,16 (11),9 (5),1 Eiji Kawashima_15 Yasuyuki Konno_22 Maya Yoshida_5 Yuto Nagatomo_2 Atsuto Uchida_4 Keisuke Honda_16 Hotaru Yamaguchi_17 Makoto Hasebe  _18 Yuya Osako_9 Shinji Okazaki_13 Yoshito Okubo,"1 Orestis Karnezis_19 Sokratis Papastathopoulos_4 Kostas Manolas_20 José Holebas_15 Vasilis Torosidis  _21 Kostas Katsouranis  
 _8 Panagiotis Kone_2 Giannis Maniatis_9 Kostas Mitroglou_7 Giorgos Samaras  _18 Ioannis Fetfatzidis"
20140620,Italy,0,Costa Rica,1,10,24,1,1,0,0,11,3,4,5,4,4,58%,42%,10 (6),10 (6),1 Gianluigi Buffon_3 Giorgio Chiellini_15 Andrea Barzagli_16 Daniele De Rossi_4 Matteo Darmian_7 Ignazio Abate_21 Andrea Pirlo_5 Thiago Motta_8 Claudio Marchisio_6 Antonio Candreva_9 Mario Balotelli  ,1 Keylor Navas_3 Giancarlo González_4 Michael Umaña_6 Óscar Duarte_15 Júnior Díaz_16 Cristian Gamboa_17 Yeltsin Tejeda_5 Celso Borges_7 Christian Bolaños_10 Bryan Ruiz  _9 Joel Campbell
20140620,Switzerland,2,France,5,12,16,0,1,0,0,1,2,5,3,3,8,57%,43%,17 (8),22 (16),1 Diego Benaglio_5 Steve von Bergen_20 Johan Djourou_13 Ricardo Rodríguez_2 Stephan Lichtsteiner_10 Granit Xhaka  _8 Gökhan Inler_11 Valon Behrami_9 Haris Seferovic_18 Admir Mehmedi_23 Xherdan Shaqiri,1 Hugo Lloris_5 Mamadou Sakho_4 Raphaël Varane_3 Patrice Evra_2 Mathieu Debuchy_6 Yohan Cabaye  _14 Blaise Matuidi  _18 Moussa Sissoko  _9 Olivier Giroud  _10 Karim Benzema  _8 Mathieu Valbuena  
20140620,Honduras,1,Ecuador,2,15,17,2,3,0,0,1,1,4,12,4,2,49%,51%,16 (9),8 (5),18 Noel Valladares_3 Maynor Figueroa_5 Víctor Bernárdez  _7 Emilio Izaguirre_21 Brayan Beckeles_20 Jorge Claros_19 Luis Garrido_15 Roger Espinoza_14 Boniek García_13 Carlo Costly  _11 Jerry Bengtson  ,"22 Alexander Domínguez_3 Frickson Erazo_2 Jorge Guagua_10 Walter Ayoví_4 Juan Carlos Paredes_6 Christian Noboa_14 Oswaldo Minda_7 Jefferson Montero  _16 Antonio Valencia  _13 Enner Valencia  
  _11 Felipe Caicedo"
20140621,Argentina,1,Iran,0,8,14,0,2,0,0,0,1,10,6,4,3,70%,30%,19 (9),8 (4),1 Sergio Romero_2 Ezequiel Garay_17 Federico Fernández_14 Javier Mascherano_16 Marcos Rojo_4 Pablo Zabaleta_10 Lionel Messi  _7 Ángel Di María_5 Fernando Gago_20 Sergio Agüero_9 Gonzalo Higuaín,12 Alireza Haghighi_5 Amirhossein Sadeghi_4 Seyed Jalal Hosseini_23 Mehrdad Pooladi_15 Pejman Montazeri_3 Ehsan Hajsafi_6 Javad Nekounam  _14 Andranik Teymourian_16 Reza Ghoochannejhad_21 Ashkan Dejagah_7 Masoud Shojaei  
20140621,Germany,2,Ghana,2,11,17,0,1,0,0,1,5,7,3,2,4,59%,41%,11 (6),20 (10),1 Manuel Neuer_5 Mats Hummels_17 Per Mertesacker_4 Benedikt Höwedes_20 Jérôme Boateng_16 Philipp Lahm_18 Toni Kroos_6 Sami Khedira_13 Thomas Müller_19 Mario Götze  _8 Mesut Özil,16 Fatawu Dauda_19 Jonathan Mensah_21 John Boye_20 Kwadwo Asamoah_23 Harrison Afful_9 Kevin-Prince Boateng_11 Sulley Muntari  _17 Mohammed Rabiu_3 Asamoah Gyan  _10 André Ayew  _7 Christian Atsu
20140621,Nigeria,1,Bosnia and Herzegovina,0,9,7,1,1,0,0,3,2,4,4,9,7,46%,54%,20 (13),18 (10),1 Vincent Enyeama_22 Kenneth Omeruo_2 Joseph Yobo_13 Juwon Oshaniwa_5 Efe Ambrose_18 Michael Babatunde_10 John Obi Mikel  _17 Ogenyi Onazi_9 Emmanuel Emenike_7 Ahmed Musa_8 Peter Odemwingie  ,1 Asmir Begovic_4 Emir Spahic_15 Toni Sunjic_16 Senad Lulic_13 Mensur Mujdza_8 Miralem Pjanic_7 Muhamed Besic_18 Haris Medunjanin  _11 Edin Dzeko_10 Zvjezdan Misimovic_20 Izet Hajrovic
20140622,Belgium,1,Russia,0,13,9,2,1,0,0,7,0,5,8,1,3,53%,47%,11 (6),13 (6),1 Thibaut Courtois_4 Vincent Kompany_15 Daniel van Buyten_3 Thomas Vermaelen_2 Toby Alderweireld  _7 Kevin De Bruyne_8 Marouane Fellaini_6 Axel Witsel  _9 Romelu Lukaku_10 Eden Hazard_14 Dries Mertens,1 Igor Akinfeev_4 Sergey Ignashevich_14 Vasili Berezutski_23 Dmitri Kombarov_2 Alexey Kozlov_17 Oleg Shatov_20 Viktor Faizulin_8 Denis Glushakov  _9 Aleksandr Kokorin_6 Maksim Kanunnikov_19 Alexander Samedov
20140622,South Korea,2,Algeria,4,13,16,2,1,0,0,1,1,7,5,1,2,54%,46%,9 (6),15 (8),1 Jung Sung-Ryong_5 Kim Young-Gwon_20 Hong Jeong-Ho_3 Yun Suk-Young_12 Lee Yong  _13 Koo Ja-Cheol  _16 Ki Sung-Yueng_14 Han Kook-Young  _10 Park Chu-Young_9 Son Heung-Min  _17 Lee Chung-Yong,23 Rais M'Bolhi_5 Rafik Halliche  _2 Madjid Bouguerra  _6 Djamel Mesbah_20 Aïssa Mandi_11 Yacine Brahimi  _14 Nabil Bentaleb_12 Carl Medjani_13 Islam Slimani  _18 Abdelmouméne Djabou  _10 Sofiane Feghouli
20140622,United States,2,Portugal,2,11,14,1,0,0,0,1,4,6,4,2,4,48%,52%,15 (10),20 (9),"1 Tim Howard_5 Matt Besler_20 Geoff Cameron_7 DaMarcus Beasley_23 Fabian Johnson_4 Michael Bradley_15 Kyle Beckerman_13 Jermaine Jones  
 _8 Clint Dempsey  _19 Graham Zusi_11 Alejandro Bedoya",22 Beto_2 Bruno Alves_13 Ricardo Costa_19 André Almeida_21 João Pereira_4 Miguel Veloso_16 Raul Meireles_8 João Moutinho_23 Hélder Postiga_7 Cristiano Ronaldo_17 Nani  
20140623,Australia,0,Spain,3,14,9,2,1,0,0,1,6,2,6,0,2,45%,55%,4 (0),11 (8),1 Mathew Ryan_6 Matthew Spiranovic  _22 Alex Wilkinson_3 Jason Davidson_19 Ryan McGowan_13 Oliver Bozanic_17 Matt McKay_15 Mile Jedinak  _9 Adam Taggart_11 Tommy Oar_7 Mathew Leckie,23 Pepe Reina_15 Sergio Ramos  _2 Raúl Albiol_18 Jordi Alba_5 Juanfran_14 Xabi Alonso_6 Andrés Iniesta_17 Koke_9 Fernando Torres  _7 David Villa  _20 Santi Cazorla
20140623,Netherlands,2,Chile,0,26,14,1,1,0,0,1,2,2,7,3,1,36%,64%,13 (8),7 (1),1 Jasper Cillessen_2 Ron Vlaar_5 Daley Blind  _3 Stefan de Vrij_6 Nigel de Jong_20 Georginio Wijnaldum_10 Wesley Sneijder_15 Dirk Kuyt_7 Daryl Janmaat_17 Jeremain Lens_11 Arjen Robben,1 Claudio Bravo_17 Gary Medel_18 Gonzalo Jara_5 Francisco Silva  _16 Felipe Gutiérrez_21 Marcelo Díaz_20 Charles Aránguiz_2 Eugenio Mena_4 Mauricio Isla_11 Eduardo Vargas_7 Alexis Sánchez
20140623,Cameroon,1,Brazil,4,14,19,3,0,0,0,1,3,6,7,0,6,46%,54%,12 (6),19 (18),16 Charles Itandje_21 Joël Matip  _3 Nicolas N'Koulou_17 Stéphane M'bia  _12 Henri Bedimo_22 Allan Nyom_7 Landry N'Guemo_18 Eyong Enoh  _13 Maxim Choupo-Moting_8 Benjamin Moukandjo_10 Vincent Aboubakar,"12 Júlio César_4 David Luiz_3 Thiago Silva_6 Marcelo_2 Dani Alves_11 Oscar_17 Luiz Gustavo_8 Paulinho_9 Fred  _10 Neymar  
 _7 Hulk"
20140623,Croatia,1,Mexico,3,18,12,1,2,1,0,1,1,7,9,1,1,55%,45%,10 (5),12 (7),1 Stipe Pletikosa_6 Dejan Lovren_5 Vedran Corluka_2 Sime Vrsaljko_11 Darijo Srna_10 Luka Modric_3 Danijel Pranjic_7 Ivan Rakitic  _17 Mario Mandzukic_18 Ivica Olic_4 Ivan Perisic  ,"13 Guillermo Ochoa_4 Rafael Márquez  
 _15 Héctor Moreno_2 Maza_7 Miguel Layún_22 Paul Aguilar_23 José Vázquez  _18 Andrés Guardado  _6 Héctor Herrera_19 Oribe Peralta_10 Giovani Dos Santos"
20140624,Costa Rica,0,England,0,17,17,1,2,0,0,3,1,3,7,2,1,47%,53%,4 (3),8 (3),1 Keylor Navas_3 Giancarlo González  _19 Roy Miller_6 Óscar Duarte_15 Júnior Díaz_16 Cristian Gamboa_17 Yeltsin Tejeda_5 Celso Borges_14 Randall Brenes_10 Bryan Ruiz_9 Joel Campbell,13 Ben Foster_12 Chris Smalling_5 Gary Cahill_23 Luke Shaw_16 Phil Jones_21 Ross Barkley  _7 Jack Wilshere_8 Frank Lampard_9 Daniel Sturridge_20 Adam Lallana  _17 James Milner
20140624,Italy,0,Uruguay,1,19,20,2,2,1,0,3,1,3,3,1,4,55%,45%,9 (5),14 (9),1 Gianluigi Buffon_19 Leonardo Bonucci_3 Giorgio Chiellini_15 Andrea Barzagli_8 Claudio Marchisio  _23 Marco Verratti_21 Andrea Pirlo_2 Mattia De Sciglio  _4 Matteo Darmian_17 Ciro Immobile_9 Mario Balotelli  ,1 Fernando Muslera  _3 Diego Godín  _22 Martín Cáceres_13 José Giménez_6 Álvaro Pereira_20 Álvaro González_17 Egidio Arévalo Ríos  _7 Cristian Rodríguez_14 Nicolas Lodeiro_9 Luis Suárez_21 Edinson Cavani
20140624,Greece,2,Ivory Coast,1,13,23,0,3,0,0,1,1,4,7,2,0,46%,54%,13 (5),13 (9),1 Orestis Karnezis_19 Sokratis Papastathopoulos_4 Kostas Manolas_20 José Holebas_15 Vasilis Torosidis_8 Panagiotis Kone_10 Georgios Karagounis_2 Giannis Maniatis_7 Giorgos Samaras  _16 Lazaros Christodoulopoulos_14 Dimitris Salpingidis,1 Boubacar Barry_22 Sol Bamba_4 Kolo Touré_3 Arthur Boka_17 Serge Aurier_19 Yaya Touré_20 Serey Dié  _9 Cheick Tioté_11 Didier Drogba  _10 Gervinho_8 Salomon Kalou  
20140624,Japan,1,Colombia,4,10,19,1,1,0,0,0,2,9,2,5,0,56%,44%,23 (13),13 (9),1 Eiji Kawashima_15 Yasuyuki Konno  _22 Maya Yoshida_5 Yuto Nagatomo_2 Atsuto Uchida_4 Keisuke Honda_17 Makoto Hasebe_14 Toshihiro Aoyama_13 Yoshito Okubo_10 Shinji Kagawa_9 Shinji Okazaki  ,"1 David Ospina_16 Éder Balanta_23 Carlos Valdés_15 Alexander Mejía_7 Pablo Armero_4 Santiago Arias_20 Juan Quintero_13 Fredy Guarín  _21 Jackson Martínez  
 _11 Juan Cuadrado  _19 Adrián Ramos"
20140625,Bosnia and Herzegovina,3,Iran,1,20,17,1,1,0,0,1,8,6,5,3,1,62%,38%,13 (9),7 (5),1 Asmir Begovic_4 Emir Spahic_15 Toni Sunjic_21 Anel Hadzic_5 Sead Kolasinac_2 Avdija Vrsajevic  _8 Miralem Pjanic  _14 Tino Susic_7 Muhamed Besic  _9 Vedad Ibisevic_11 Edin Dzeko  ,12 Alireza Haghighi_5 Amirhossein Sadeghi_4 Seyed Jalal Hosseini_23 Mehrdad Pooladi_15 Pejman Montazeri_3 Ehsan Hajsafi_6 Javad Nekounam_14 Andranik Teymourian_16 Reza Ghoochannejhad  _21 Ashkan Dejagah_7 Masoud Shojaei
20140625,Nigeria,2,Argentina,3,17,6,2,0,0,0,1,2,4,12,1,9,43%,57%,12 (7),18 (13),"1 Vincent Enyeama_22 Kenneth Omeruo  _2 Joseph Yobo_13 Juwon Oshaniwa  _5 Efe Ambrose_18 Michael Babatunde_10 John Obi Mikel_17 Ogenyi Onazi_9 Emmanuel Emenike_7 Ahmed Musa  
 _8 Peter Odemwingie","1 Sergio Romero_2 Ezequiel Garay_17 Federico Fernández_14 Javier Mascherano_16 Marcos Rojo  _4 Pablo Zabaleta_10 Lionel Messi  
 _7 Ángel Di María_5 Fernando Gago_20 Sergio Agüero_9 Gonzalo Higuaín"
20140625,Ecuador,0,France,0,17,6,1,0,1,0,1,1,1,7,2,9,40%,60%,11 (7),20 (13),22 Alexander Domínguez_3 Frickson Erazo  _2 Jorge Guagua_10 Walter Ayoví_4 Juan Carlos Paredes_6 Christian Noboa_14 Oswaldo Minda_7 Jefferson Montero_16 Antonio Valencia  _13 Enner Valencia_15 Michael Arroyo,1 Hugo Lloris_5 Mamadou Sakho_21 Laurent Koscielny_17 Lucas Digne_15 Bacary Sagna_22 Morgan Schneiderlin_14 Blaise Matuidi_19 Paul Pogba_10 Karim Benzema_11 Antoine Griezmann_18 Moussa Sissoko
20140625,Honduras,0,Switzerland,3,17,18,1,0,0,0,0,2,8,1,3,7,61%,39%,13 (6),16 (13),18 Noel Valladares_3 Maynor Figueroa_5 Víctor Bernárdez_6 Juan Carlos García_21 Brayan Beckeles_20 Jorge Claros_8 Wilson Palacios_15 Roger Espinoza_14 Boniek García_13 Carlo Costly_11 Jerry Bengtson,"1 Diego Benaglio_20 Johan Djourou_22 Fabian Schär_13 Ricardo Rodríguez_2 Stephan Lichtsteiner_23 Xherdan Shaqiri  
  _8 Gökhan Inler_11 Valon Behrami_19 Josip Drmic_18 Admir Mehmedi_10 Granit Xhaka"
20140626,Portugal,2,Ghana,1,21,16,1,3,0,0,0,4,7,3,6,3,54%,46%,19 (10),18 (6),22 Beto_2 Bruno Alves_3 Pepe_4 Miguel Veloso_21 João Pereira_6 William Carvalho_20 Rúben Amorim_8 João Moutinho  _11 Éder_7 Cristiano Ronaldo  _17 Nani,16 Fatawu Dauda_19 Jonathan Mensah_21 John Boye   OG_20 Kwadwo Asamoah_23 Harrison Afful  _18 Majeed Waris  _17 Mohammed Rabiu_8 Emmanuel Badu_3 Asamoah Gyan  _10 André Ayew_7 Christian Atsu
20140626,United States,0,Germany,1,15,9,2,1,0,0,2,7,2,3,0,5,37%,63%,4 (1),13 (9),1 Tim Howard_5 Matt Besler_3 Omar González  _13 Jermaine Jones_7 DaMarcus Beasley_23 Fabian Johnson_4 Michael Bradley_15 Kyle Beckerman  _14 Brad Davis_19 Graham Zusi_8 Clint Dempsey,1 Manuel Neuer_5 Mats Hummels_17 Per Mertesacker_4 Benedikt Höwedes  _20 Jérôme Boateng_16 Philipp Lahm_18 Toni Kroos_7 Bastian Schweinsteiger_13 Thomas Müller  _10 Lukas Podolski_8 Mesut Özil
20140626,Algeria,1,Russia,1,15,14,3,2,0,0,2,3,3,4,5,4,47%,53%,8 (6),10 (7),23 Rais M'Bolhi_5 Rafik Halliche_4 Essaïd Belkalem_6 Djamel Mesbah  _20 Aïssa Mandi_11 Yacine Brahimi_14 Nabil Bentaleb_12 Carl Medjani_13 Islam Slimani  _18 Abdelmouméne Djabou_10 Sofiane Feghouli,1 Igor Akinfeev_4 Sergei Ignashevich_14 Vasili Berezutski_23 Dmitri Kombarov  _2 Alexey Kozlov  _17 Oleg Shatov_8 Denis Glushakov_20 Viktor Faizulin_9 Aleksandr Kokorin  _19 Aleksandr Samedov_11 Alexander Kerzhakov
20140626,South Korea,0,Belgium,1,16,11,1,1,0,1,1,4,6,4,6,7,51%,49%,18 (12),16 (11),21 Kim Seung-Gyu_5 Kim Young-Gwon_20 Hong Jeong-Ho  _3 Yun Suk-Young_12 Lee Yong_13 Koo Ja-Cheol_16 Ki Sung-Yueng_14 Han Kook-Young_18 Kim Shin-Wook_9 Son Heung-Min_17 Lee Chung-Yong,1 Thibaut Courtois_18 Nicolas Lombaerts_15 Daniel van Buyten_5 Jan Vertonghen  _21 Anthony Vanden Borre_16 Steven Defour  _19 Mousa Dembélé  _8 Marouane Fellaini_11 Kevin Mirallas_14 Dries Mertens_20 Adnan Januzaj
20140628,Brazil,1,Chile,1,28,23,4,3,0,0,2,3,9,5,6,1,49%,51%,23 (13),13 (5),12 Júlio César_4 David Luiz  _3 Thiago Silva_6 Marcelo_2 Dani Alves  _10 Neymar_17 Luiz Gustavo  _5 Fernandinho_9 Fred_7 Hulk  _11 Oscar,1 Claudio Bravo_17 Gary Medel_18 Gonzalo Jara_5 Francisco Silva  _21 Marcelo Díaz_20 Charles Aránguiz_8 Arturo Vidal_2 Eugenio Mena  _4 Mauricio Isla_11 Eduardo Vargas_7 Alexis Sánchez  
20140628,Colombia,2,Uruguay,0,19,17,1,2,0,0,1,1,3,5,2,4,51%,49%,9 (4),16 (4),"1 David Ospina_3 Mario Yepes_2 Cristián Zapata_7 Pablo Armero  _18 Juan Zúñiga_6 Carlos Sánchez_8 Abel Aguilar_10 James Rodríguez  
 _11 Juan Cuadrado_21 Jackson Martínez_9 Teófilo Gutiérrez",1 Fernando Muslera_3 Diego Godín_22 Martín Cáceres_13 José Giménez  _6 Álvaro Pereira_16 Maximiliano Pereira_17 Egidio Arévalo Ríos_7 Cristian Rodríguez_20 Álvaro González_10 Diego Forlán_21 Edinson Cavani
20140629,Netherlands,2,Mexico,1,8,12,0,3,0,0,1,1,10,2,2,5,55%,45%,14 (8),12 (7),1 Jasper Cillessen_2 Ron Vlaar_5 Daley Blind_3 Stefan de Vrij_6 Nigel de Jong_20 Georginio Wijnaldum_10 Wesley Sneijder  _15 Dirk Kuyt_12 Paul Verhaegh_11 Arjen Robben_9 Robin van Persie,13 Guillermo Ochoa_4 Rafael Márquez  _15 Héctor Moreno_2 Maza_7 Miguel Layún_22 Paul Aguilar  _3 Carlos Salcido_18 Andrés Guardado  _6 Héctor Herrera_10 Giovani dos Santos  _19 Oribe Peralta
20140629,Costa Rica,1,Greece,1,23,16,4,2,1,0,1,10,3,11,0,7,43%,57%,6 (2),24 (13),"1 Keylor Navas  _3 Giancarlo González_4 Michael Umaña_6 Óscar Duarte  
 _15 Júnior Díaz_16 Cristian Gamboa_5 Celso Borges_17 Yeltsin Tejeda  _7 Christian Bolaños_10 Bryan Ruiz  
 _9 Joel Campbell",1 Orestis Karnezis_19 Sokratis Papastathopoulos  _4 Kostas Manolas  _20 José Holebas_15 Vasilis Torosidis_10 Georgios Karagounis_22 Andreas Samaris  _2 Giannis Maniatis_7 Giorgos Samaras_16 Lazaros Christodoulopoulos_14 Dimitris Salpingidis
20140630,France,2,Nigeria,0,12,15,1,0,0,0,3,2,12,9,4,2,53%,47%,13 (5),9 (2),1 Hugo Lloris_21 Laurent Koscielny_4 Raphaël Varane_3 Patrice Evra_2 Mathieu Debuchy_6 Yohan Cabaye_14 Blaise Matuidi  _19 Paul Pogba  _9 Olivier Giroud_10 Karim Benzema_8 Mathieu Valbuena,1 Vincent Enyeama_22 Kenneth Omeruo_2 Joseph Yobo   OG_13 Juwon Oshaniwa_5 Efe Ambrose_11 Victor Moses_10 John Obi Mikel_17 Ogenyi Onazi_9 Emmanuel Emenike_7 Ahmed Musa_8 Peter Odemwingie
20140630,Germany,2,Algeria,1,11,20,1,1,0,0,4,4,10,4,10,3,70%,30%,29 (22),11 (7),1 Manuel Neuer_20 Jérôme Boateng_17 Per Mertesacker_4 Benedikt Höwedes_21 Shkodran Mustafi_16 Philipp Lahm  _18 Toni Kroos_7 Bastian Schweinsteiger_13 Thomas Müller_19 Mario Götze_8 Mesut Özil  ,23 Rais M'Bolhi_5 Rafik Halliche  _4 Essaïd Belkalem_3 Faouzi Ghoulam_20 Aïssa Mandi_19 Saphir Taïder_8 Medhi Lacen_22 Mehdi Mostefa_13 Islam Slimani_15 Hillel Soudani_10 Sofiane Feghouli
20140701,Argentina,1,Switzerland,0,19,28,3,2,0,0,0,1,13,5,8,4,61%,39%,29 (22),14 (7),"1 Sergio Romero_2 Ezequiel Garay  _17 Federico Fernández_16 Marcos Rojo  _4 Pablo Zabaleta_10 Lionel Messi_14 Javier Mascherano_5 Fernando Gago_9 Gonzalo Higuaín_7 Ángel Di María  
 _22 Ezequiel Lavezzi",1 Diego Benaglio_20 Johan Djourou_22 Fabian Schär_13 Ricardo Rodríguez_2 Stephan Lichtsteiner_23 Xherdan Shaqiri_11 Valon Behrami_8 Gökhan Inler_19 Josip Drmic_18 Admir Mehmedi_10 Granit Xhaka  
20140701,Belgium,2,United States,1,27,11,1,1,0,0,2,0,19,4,15,4,48%,52%,38 (26),14 (9),1 Thibaut Courtois_4 Vincent Kompany  _15 Daniel van Buyten_5 Jan Vertonghen_2 Toby Alderweireld_7 Kevin De Bruyne  _6 Axel Witsel_8 Marouane Fellaini_17 Divock Origi_10 Eden Hazard_14 Dries Mertens,1 Tim Howard_5 Matt Besler_3 Omar González_7 DaMarcus Beasley_23 Fabian Johnson_4 Michael Bradley_20 Geoff Cameron  _13 Jermaine Jones_8 Clint Dempsey_11 Alejandro Bedoya_19 Graham Zusi
20140704,France,0,Germany,1,15,18,0,2,0,0,3,0,5,3,5,2,50%,50%,13 (9),8 (6),1 Hugo Lloris_5 Mamadou Sakho_4 Raphaël Varane_3 Patrice Evra_2 Mathieu Debuchy_6 Yohan Cabaye_14 Blaise Matuidi_19 Paul Pogba_10 Karim Benzema_11 Antoine Griezmann_8 Mathieu Valbuena,1 Manuel Neuer_5 Mats Hummels  _20 Jérôme Boateng_4 Benedikt Höwedes_16 Philipp Lahm_6 Sami Khedira  _18 Toni Kroos_7 Bastian Schweinsteiger  _11 Miroslav Klose_13 Thomas Müller_8 Mesut Özil
20140704,Brazil,2,Colombia,1,31,23,2,2,0,0,0,3,4,6,3,0,51%,49%,12 (6),11 (5),"12 Júlio César  _4 David Luiz  _3 Thiago Silva  
 _6 Marcelo_23 Maicon_11 Oscar_8 Paulinho_5 Fernandinho_9 Fred_7 Hulk_10 Neymar","1 David Ospina_3 Mario Yepes  _2 Cristián Zapata_7 Pablo Armero_18 Juan Zúñiga_10 James Rodríguez  
 _6 Carlos Sánchez_13 Fredy Guarín_9 Teófilo Gutiérrez_14 Victor Ibarbo_11 Juan Cuadrado"
20140705,Argentina,1,Belgium,0,11,14,1,2,0,0,1,6,3,4,1,1,51%,49%,10 (7),10 (4),1 Sergio Romero_2 Ezequiel Garay_15 Martín Demichelis_23 José Basanta_4 Pablo Zabaleta_10 Lionel Messi_14 Javier Mascherano_6 Lucas Biglia  _9 Gonzalo Higuaín  _22 Ezequiel Lavezzi_7 Ángel Di María,1 Thibaut Courtois_4 Vincent Kompany_15 Daniel van Buyten_5 Jan Vertonghen_2 Toby Alderweireld  _7 Kevin De Bruyne_6 Axel Witsel_8 Marouane Fellaini_17 Divock Origi_10 Eden Hazard  _11 Kevin Mirallas
20140705,Netherlands,0,Costa Rica,0,15,13,2,4,0,0,13,2,11,1,7,1,64%,36%,20 (15),6 (3),1 Jasper Cillessen_2 Ron Vlaar_4 Bruno Martins Indi  _3 Stefan de Vrij_10 Wesley Sneijder_20 Georginio Wijnaldum_5 Daley Blind_15 Dirk Kuyt_9 Robin van Persie_21 Memphis Depay_11 Arjen Robben,1 Keylor Navas_3 Giancarlo González  _4 Michael Umaña  _2 Johnny Acosta  _15 Júnior Díaz  _16 Cristian Gamboa_5 Celso Borges_17 Yeltsin Tejeda_7 Christian Bolaños_9 Joel Campbell_10 Bryan Ruiz
20140708,Brazil,1,Germany,7,11,14,1,0,0,0,3,0,7,5,7,3,51%,49%,18 (13),14 (12),12 Júlio César_13 Dante  _4 David Luiz_6 Marcelo_23 Maicon_11 Oscar  _17 Luiz Gustavo_5 Fernandinho_9 Fred_7 Hulk_20 Bernard,"1 Manuel Neuer_5 Mats Hummels_20 Jérôme Boateng_4 Benedikt Höwedes_16 Philipp Lahm_7 Bastian Schweinsteiger_18 Toni Kroos  
 _6 Sami Khedira  _11 Miroslav Klose  _8 Mesut Özil_13 Thomas Müller  "
20140709,Netherlands,0,Argentina,0,15,10,2,1,0,0,4,4,4,4,4,1,53%,47%,7 (4),8 (5),,
20140712,Brazil,0,Netherlands,3,16,20,3,2,0,0,1,2,4,1,2,1,58%,42%,11 (5),8 (5),12 Júlio César_4 David Luiz_3 Thiago Silva  _14 Maxwell_23 Maicon_19 Willian_17 Luiz Gustavo_8 Paulinho_21 Jô_11 Oscar  _16 Ramires,1 Jasper Cillessen_2 Ron Vlaar_4 Bruno Martins Indi_3 Stefan de Vrij_8 Jonathan de Guzmán  _16 Jordy Clasie_20 Georginio Wijnaldum  _5 Daley Blind  _15 Dirk Kuyt_11 Arjen Robben  _9 Robin van Persie  
20140713,Germany,1,Argentina,0,20,16,2,2,0,0,3,2,5,3,4,1,64%,36%,10 (5),10 (0),1 Manuel Neuer_5 Mats Hummels_20 Jérôme Boateng_4 Benedikt Höwedes  _16 Philipp Lahm_7 Bastian Schweinsteiger  _18 Toni Kroos_23 Christoph Kramer_11 Miroslav Klose_8 Mesut Özil_13 Thomas Müller,1 Sergio Romero_2 Ezequiel Garay_15 Martín Demichelis_16 Marcos Rojo_4 Pablo Zabaleta_10 Lionel Messi_14 Javier Mascherano  _6 Lucas Biglia_9 Gonzalo Higuaín_8 Enzo Pérez_22 Ezequiel Lavezzi
20100611,South Africa,1,Mexico,1,17,13,2,2,0,0,3,6,4,5,2,2,42%,58%,9 (5),14 (5),,
20100611,Uruguay,0,France,0,13,20,2,3,1,0,5,4,0,4,3,3,44%,56%,7 (3),20 (3),1 Fernando Muslera_2 Diego Lugano  _3 Diego Godín_6 Mauricio Victorino  _17 Egidio Arévalo Ríos_15 Diego Pérez_18 Ignacio González_11 Álvaro Pereira_16 Maxi Pereira_9 Luis Suárez_10 Diego Forlán,1 Hugo Lloris_3 Eric Abidal_5 William Gallas_13 Patrice Evra  _2 Bacary Sagna_8 Yoann Gourcuff_19 Abou Diaby_14 Jérémy Toulalan  _21 Nicolas Anelka_7 Franck Ribéry  _10 Sidney Govou
20100612,South Korea,2,Greece,0,14,11,0,1,0,0,1,5,6,11,2,2,49%,51%,17 (4),6 (2),18 Jung Sung-Ryong_14 Lee Jung-Soo  _4 Cho Yong-Hyung_12 Lee Young-Pyo_22 Cha Du-Ri_16 Ki Sung-Yueng_8 Kim Jung-Woo_7 Park Ji-Sung  _17 Lee Chung-Yong_10 Park Chu-Young_19 Ki-Hun Yeom,12 Alexandros Tzorvas_8 Avraam Papadopoulos_11 Loukas Vyntra_15 Vasilis Torosidis  _2 Giourkas Seitaridis_21 Kostas Katsouranis_10 Georgios Karagounis_6 Alexandros Tziolis_17 Theofanis Gekas_7 Giorgos Samaras_9 Angelos Charisteas
20100612,Argentina,1,Nigeria,0,7,8,1,1,0,0,0,0,10,4,6,1,65%,35%,20 (7),12 (1),22 Sergio Romero_13 Walter Samuel_2 Martín Demichelis_6 Gabriel Heinze  _17 Jonás Gutiérrez  _10 Lionel Messi_14 Javier Mascherano_8 Juan Sebastián Verón_9 Gonzalo Higuaín_7 Ángel Di María_11 Carlos Tevez,1 Vincent Enyeama_6 Danny Shittu_2 Joseph Yobo_3 Taye Taiwo_17 Chidi Odiah_15 Lukman Haruna  _14 Sani Kaita_20 Dickson Etuhu_8 Yakubu Aiyegbeni_19 Chinedu Obasi_18 Victor Obinna
20100612,England,1,United States,1,12,14,3,3,0,0,5,2,8,4,5,3,57%,43%,18 (6),12 (4),"12 Robert Green_6 John Terry_20 Ledley King_3 Ashley Cole_2 Glen Johnson_4 Steven Gerrard  
 _8 Frank Lampard_16 James Milner  _7 Aaron Lennon_10 Wayne Rooney_21 Emile Heskey",1 Tim Howard_5 Oguchi Onyewu_15 Jay DeMerit  _3 Carlos Bocanegra_6 Steve Cherundolo  _13 Ricardo Clark_4 Michael Bradley_8 Clint Dempsey  _10 Landon Donovan_17 Jozy Altidore_20 Robbie Findley  
20100613,Algeria,0,Slovenia,1,17,11,1,2,1,0,1,3,4,3,2,2,48%,52%,10 (2),7 (3),16 Faouzi Chaouchi_4 Antar Yahia_5 Rafik Halliche_3 Nadir Belhadj_2 Madjid Bouguerra_8 Medhi Lacen_19 Hassan Yebda  _13 Karim Matmour_15 Karim Ziani_21 Foued Kadir_11 Rafik Djebbour,1 Samir Handanovic_5 Bostjan Cesar_4 Marko Suler_13 Bojan Jokic_2 Miso Brecko_18 Aleksandar Radosavljevic  _8 Robert Koren  _10 Valter Birsa_17 Andraz Kirm_14 Zlatko Dedic_11 Milivoje Novakovic
20100613,Serbia,0,Ghana,1,10,16,2,2,1,0,2,0,4,4,2,0,50%,50%,14 (2),15 (1),"1 Vladimir Stojkovic_13 Aleksandar Lukovic  
 _5 Nemanja Vidic_3 Aleksandar Kolarov_6 Branislav Ivanovic_11 Nenad Milijas_10 Dejan Stankovic_14 Milan Jovanovic_17 Milos Krasic_9 Marko Pantelic_15 Nikola Zigic  ",22 Richard Kingson_15 Isaac Vorsah  _5 John Mensah_2 Hans Sarpei_4 John Pantsil_21 Kwadwo Asamoah_23 Kevin-Prince Boateng_6 Anthony Annan_3 Asamoah Gyan  _13 André Ayew_12 Prince Tagoe  
20100613,Germany,4,Australia,0,10,18,2,3,0,1,7,2,4,7,4,1,56%,44%,17 (9),11 (2),1 Manuel Neuer_3 Arne Friedrich_17 Per Mertesacker_14 Holger Badstuber_16 Philipp Lahm_8 Mesut Özil  _6 Sami Khedira_7 Bastian Schweinsteiger_11 Miroslav Klose  _10 Lukas Podolski  _13 Thomas Müller  ,1 Mark Schwarzer_3 Craig Moore  _2 Lucas Neill  _11 Scott Chipperfield_8 Luke Wilkshire_13 Vince Grella_16 Carl Valeri  _5 Jason Culina_7 Brett Emerton_4 Tim Cahill  _19 Richard Garcia
20100614,Netherlands,2,Denmark,0,13,21,2,1,0,0,4,2,6,2,4,3,65%,35%,19 (6),11 (3),1 Maarten Stekelenburg_4 Joris Mathijsen_3 John Heitinga_5 Giovanni Van Bronckhorst_2 Gregory van der Wiel_10 Wesley Sneijder_8 Nigel de Jong  _6 Mark Van Bommel_9 Robin van Persie  _23 Rafael Van der Vaart_7 Dirk Kuyt  ,1 Thomas Sorensen_4 Daniel Agger   OG_3 Simon Kjaer  _15 Simon Poulsen_6 Lars Jacobsen_10 Martin Jorgensen_2 Christian Poulsen_20 Thomas Enevoldsen_19 Dennis Rommedahl_11 Nicklas Bendtner_12 Thomas Kahlenberg
20100614,Japan,1,Cameroon,0,20,29,1,1,0,0,4,2,0,3,1,2,42%,58%,3 (2),9 (2),21 Eiji Kawashima_4 Marcus Tulio Tanaka_22 Yuji Nakazawa_5 Yuto Nagatomo_3 Yuichi Komano_2 Yuki Abe  _7 Yasuhito Endo_17 Makoto Hasebe_18 Keisuke Honda  _16 Yoshito Okubo_8 Daisuke Matsui,16 Souleymanou Hamidou_5 Sebastien Bassong_3 Nicolas N'Koulou  _2 Benoît Assou-Ekotto_19 Stéphane M'bia_21 Joël Matip_18 Eyong Enoh_11 Jean Makoun_15 Pierre Webó_13 Maxim Choupo-Moting_9 Samuel Eto'o
20100614,Italy,1,Paraguay,1,15,14,1,1,0,0,3,5,8,4,4,0,57%,43%,10 (5),7 (1),1 Gianluigi Buffon_4 Giorgio Chiellini_5 Fabio Cannavaro_3 Domenico Criscito_19 Gianluca Zambrotta_15 Claudio Marchisio_22 Riccardo Montolivo_6 Daniele De Rossi  _11 Alberto Gilardino_9 Vincenzo Iaquinta_7 Simone Pepe,1 Justo Villar_21 Antolín Alcaraz  _14 Paulo Da Silva_3 Claudio Morel Rodríguez_6 Carlos Bonet_16 Cristian Riveros_15 Victor Cáceres  _17 Aureliano Torres_13 Enrique Vera_19 Lucas Barrios_18 Nelson Valdez
20100615,New Zealand,1,Slovakia,1,17,15,2,1,0,0,0,1,3,10,1,1,49%,51%,10 (2),14 (2),"1 Mark Paston_6 Ryan Nelsen_19 Tommy Smith_4 Winston Reid  
 _5 Ivan Vicelich_7 Simon Elliott_3 Tony Lochhead  _11 Leo Bertos_14 Rory Fallon_9 Shane Smeltz_10 Chris Killen",1 Jan Mucha_16 Jan Durica_3 Martin Skrtel_4 Marek Cech_5 Radoslav Zabavnik_17 Marek Hamsik_6 Zdeno Strba  _18 Erik Jendrisek_7 Vladimir Weiss_9 Stanislav Sestak_11 Robert Vittek  
20100615,Ivory Coast,0,Portugal,0,17,14,2,1,0,0,2,1,6,4,2,1,44%,56%,8 (2),7 (1),1 Boubacar Barry_5 Didier Zokora  _4 Kolo Touré_17 Siaka Tiéné_20 Guy Demel  _19 Yaya Touré_9 Cheick Tioté_21 Emmanuel Eboué_10 Gervinho_8 Salomon Kalou_15 Aruna Dindane,1 Eduardo_2 Bruno Alves_6 Ricardo Carvalho_23 Fábio Coentrão_3 Paulo Ferreira_8 Pedro Mendes_16 Raul Meireles_20 Deco_9 Liédson_10 Danny_7 Cristiano Ronaldo  
20100615,Brazil,2,North Korea,1,9,10,1,0,0,0,3,1,7,3,8,1,63%,37%,26 (10),11 (3),1 Júlio César_4 Juan_3 Lúcio_6 Michel Bastos_2 Maicon  _10 Kaká_5 Felipe Melo_8 Gilberto Silva_9 Luis Fabiano_11 Robinho_7 Elano  ,1 Ri Myong-Guk_3 Ri Jun-Il_5 Ri Kwang-Chon_13 Pak Chol-Jin_8 Ji Yun-Nam  _2 Cha Jong-Hyok_17 An Yong-Hak_4 Pak Nam-Chol_11 Mun In-Guk_9 Jong Tae-Se_10 Hong Yong-Jo
20100616,Honduras,0,Chile,1,15,21,1,2,0,0,2,4,4,6,1,4,43%,57%,7 (2),20 (5),18 Noel Valladares_3 Maynor Figueroa_2 Osman Chávez_21 Emilio Izaguirre_23 Sergio Mendoza_20 Amado Guevara_8 Wilson Palacios  _13 Roger Espinoza_17 Edgar Álvarez_9 Carlos Pavón_7 Ramón Núñez,1 Claudio Bravo_17 Gary Medel_3 Waldo Ponce_8 Arturo Vidal_4 Mauricio Isla_14 Matías Fernández  _6 Carlos Carmona  _20 Rodrigo Millar_10 Jorge Valdivia_15 Jean Beauséjour  _7 Alexis Sánchez
20100616,Spain,0,Switzerland,1,8,21,0,4,0,0,2,1,12,3,5,1,63%,37%,24 (8),8 (3),1 Iker Casillas_3 Gerard Piqué_5 Carles Puyol_11 Joan Capdevila_15 Sergio Ramos_16 Sergio Busquets_8 Xavi_14 Xabi Alonso_7 David Villa_6 Andrés Iniesta_21 David Silva,1 Diego Benaglio  _13 Stéphane Grichting  _4 Philippe Senderos_17 Reto Ziegler  _2 Stephan Lichtsteiner_6 Benjamin Huggel_8 Gökhan Inler_16 Gelson Fernandes  _7 Tranquillo Barnetta_10 Blaise N'Kufo_19 Eren Derdiyok
20100616,South Africa,0,Uruguay,3,14,10,2,0,1,0,3,2,3,4,3,2,50%,50%,10 (3),19 (6),16 Itumeleng Khune  _20 Bongani Khumalo_4 Aaron Mokoena_3 Tsepo Masilela_2 Siboniso Gaxa_10 Steven Pienaar  _13 Kagisho Dikgacoi  _12 Reneilwe Letsholonyane_9 Katlego Mphela_8 Siphiwe Tshabalala_11 Teko Modise,"1 Fernando Muslera_3 Diego Godín_2 Diego Lugano_4 Jorge Fucile_16 Maximiliano Pereira_10 Diego Forlán  
 _17 Egidio Arévalo Ríos_15 Diego Pérez_9 Luis Suárez_11 Álvaro Pereira  _7 Edinson Cavani"
20100617,Argentina,4,South Korea,1,19,19,3,2,0,0,4,0,6,2,6,1,56%,44%,22 (11),13 (2),"22 Sergio Romero_13 Walter Samuel_2 Martín Demichelis_6 Gabriel Heinze  _17 Jonás Gutiérrez  _14 Javier Mascherano  _7 Ángel Di María_20 Maxi Rodríguez_9 Gonzalo Higuaín  
  _11 Carlos Tevez_10 Lionel Messi","18 Jung Sung-Ryong_14 Lee Jung-Soo_4 Cho Yong-Hyung_12 Lee Young-Pyo_2 Oh Beom-Seok_8 Kim Jung-Woo_16 Ki Sung-Yueng_19 Ki-Hun Yeom  _17 Lee Chung-Yong  
 _10 Park Chu-Young   OG_7 Park Ji-Sung"
20100617,Greece,2,Nigeria,1,13,15,3,1,0,1,3,0,11,3,9,2,56%,44%,27 (11),10 (4),12 Alexandros Tzorvas_8 Avraam Papadopoulos_16 Sotirios Kyrgiakos_19 Sokratis Papastathopoulos  _15 Vasilis Torosidis  _11 Loukas Vyntra_21 Kostas Katsouranis_10 Georgios Karagounis_6 Alexandros Tziolis  _17 Theofanis Gekas_14 Dimitris Salpingidis  ,1 Vincent Enyeama_6 Danny Shittu_2 Joseph Yobo_3 Taye Taiwo_17 Chidi Odiah_15 Lukman Haruna_20 Dickson Etuhu_14 Sani Kaita  _8 Yakubu Aiyegbeni_12 Kalu Uche  _11 Peter Odemwingie
20100617,France,0,Mexico,2,23,25,2,4,0,0,2,4,7,1,4,3,53%,47%,13 (4),12 (5),1 Hugo Lloris_3 Eric Abidal  _5 William Gallas_13 Patrice Evra_2 Bacary Sagna_7 Franck Ribéry_19 Abou Diaby_14 Jérémy Toulalan  _21 Nicolas Anelka_15 Florent Malouda_10 Sidney Govou,1 Oscar Pérez_15 Héctor Moreno  _2 Maza  _3 Carlos Salcido_5 Ricardo Osorio_4 Rafael Márquez_6 Gerardo Torrado_16 Efraín Juárez  _9 Guillermo Franco  _11 Carlos Vela_17 Giovani dos Santos
20100618,Germany,0,Serbia,1,19,10,3,4,1,0,3,4,7,1,2,0,51%,49%,15 (4),9 (3),"1 Manuel Neuer_3 Arne Friedrich_17 Per Mertesacker_14 Holger Badstuber_16 Philipp Lahm  _8 Mesut Özil_6 Sami Khedira  _7 Bastian Schweinsteiger  _11 Miroslav Klose  
 _10 Lukas Podolski_13 Thomas Müller",1 Vladimir Stojkovic_20 Neven Subotic  _5 Nemanja Vidic  _3 Aleksandar Kolarov  _6 Branislav Ivanovic  _10 Dejan Stankovic_22 Zdravko Kuzmanovic_18 Milos Ninkovic_14 Milan Jovanovic  _17 Milos Krasic_15 Nikola Zigic
20100618,Slovenia,2,United States,2,15,18,4,1,0,0,3,0,2,4,2,4,48%,52%,7 (4),14 (6),1 Samir Handanovic_5 Bostjan Cesar  _4 Marko Suler  _13 Bojan Jokic  _2 Miso Brecko_18 Aleksandar Radosavljevic_8 Robert Koren_17 Andraz Kirm  _10 Valter Birsa  _11 Milivoje Novakovic_9 Zlatan Ljubijankic  ,1 Tim Howard_5 Oguchi Onyewu_15 Jay DeMerit_3 Carlos Bocanegra_6 Steve Cherundolo_16 José Torres_4 Michael Bradley  _10 Landon Donovan  _8 Clint Dempsey_20 Robbie Findley  _17 Jozy Altidore
20100618,England,0,Algeria,0,13,13,1,1,0,0,1,3,10,3,5,1,47%,53%,15 (6),11 (1),1 David James_6 John Terry_18 Jamie Carragher  _3 Ashley Cole_2 Glen Johnson_14 Gareth Barry_8 Frank Lampard_4 Steven Gerrard_7 Aaron Lennon_10 Wayne Rooney_21 Emile Heskey,23 Rais M'Bolhi_4 Antar Yahia_5 Rafik Halliche_3 Nadir Belhadj_2 Madjid Bouguerra_8 Medhi Lacen  _19 Hassan Yebda_7 Ryad Boudebouz_15 Karim Ziani_21 Foued Kadir_13 Karim Matmour
20100619,Netherlands,1,Japan,0,18,11,1,0,0,0,2,1,4,5,4,2,61%,39%,9 (5),10 (3),1 Maarten Stekelenburg_4 Joris Mathijsen_3 John Heitinga_5 Giovanni Van Bronckhorst_2 Gregory van der Wiel  _10 Wesley Sneijder  _8 Nigel de Jong_6 Mark Van Bommel_9 Robin van Persie_23 Rafael Van der Vaart_7 Dirk Kuyt,21 Eiji Kawashima_4 Marcus Tulio Tanaka_22 Yuji Nakazawa_5 Yuto Nagatomo_3 Yuichi Komano_2 Yuki Abe_7 Yasuhito Endo_17 Makoto Hasebe_18 Keisuke Honda_16 Yoshito Okubo_8 Daisuke Matsui
20100619,Ghana,1,Australia,1,22,18,3,1,0,1,2,2,6,1,4,3,50%,50%,22 (6),8 (5),22 Richard Kingson_19 Lee Addy  _8 Jonathan Mensah  _2 Hans Sarpei_4 John Pantsil_21 Kwadwo Asamoah_23 Kevin-Prince Boateng_6 Anthony Annan  _3 Asamoah Gyan  _13 André Ayew_12 Prince Tagoe,1 Mark Schwarzer_3 Craig Moore  _2 Lucas Neill_21 David Carney_8 Luke Wilkshire_16 Carl Valeri_5 Jason Culina_14 Brett Holman  _23 Mark Bresciano_7 Brett Emerton_10 Harry Kewell  
20100619,Cameroon,1,Denmark,2,9,12,2,2,0,0,1,1,7,2,6,3,54%,46%,23 (8),13 (6),16 Souleymanou Hamidou_5 Sebastien Bassong  _3 Nicolas N'Koulou_2 Benoît Assou-Ekotto_19 Stéphane M'bia  _6 Alex Song_18 Eyong Enoh_8 Geremi_15 Pierre Webó_10 Achille Emana_9 Samuel Eto'o  ,1 Thomas Sorensen  _4 Daniel Agger_3 Simon Kjaer  _15 Simon Poulsen_6 Lars Jacobsen_10 Martin Jorgensen_2 Christian Poulsen_8 Jesper Gronkjaer_19 Dennis Rommedahl  _9 Jon Dahl Tomasson_11 Nicklas Bendtner  
20100620,Slovakia,0,Paraguay,2,14,18,3,1,0,0,3,0,3,1,1,3,51%,49%,6 (1),11 (5),1 Jan Mucha_21 Kornel Salata_3 Martin Skrtel_16 Jan Durica  _2 Peter Pekarik_17 Marek Hamsik_6 Zdeno Strba_8 Jan Kozak_9 Stanislav Sestak  _11 Robert Vittek_7 Vladimir Weiss  ,"1 Justo Villar_21 Antolín Alcaraz_14 Paulo Da Silva_3 Claudio Morel Rodríguez_6 Carlos Bonet_15 Victor Cáceres_16 Cristian Riveros  _13 Enrique Vera  
 _9 Roque Santa Cruz_18 Nelson Valdez_19 Lucas Barrios"
20100620,Italy,1,New Zealand,1,11,25,0,3,0,0,1,1,15,0,4,0,57%,43%,23 (7),3 (1),12 Federico Marchetti_4 Giorgio Chiellini_5 Fabio Cannavaro_3 Domenico Criscito_19 Gianluca Zambrotta_22 Riccardo Montolivo_6 Daniele De Rossi_15 Claudio Marchisio_7 Simone Pepe_11 Alberto Gilardino_9 Vincenzo Iaquinta  ,1 Mark Paston_6 Ryan Nelsen  _19 Tommy Smith  _4 Winston Reid_5 Ivan Vicelich_7 Simon Elliott_3 Tony Lochhead_11 Leo Bertos_14 Rory Fallon  _9 Shane Smeltz  _10 Chris Killen
20100620,Brazil,3,Ivory Coast,1,17,23,0,3,1,0,0,2,4,3,3,2,56%,44%,12 (6),10 (4),"1 Júlio César_4 Juan_3 Lúcio_6 Michel Bastos_2 Maicon_10 Kaká  
 _5 Felipe Melo_8 Gilberto Silva_9 Luis Fabiano  
 _11 Robinho_7 Elano  ",1 Boubacar Barry_5 Didier Zokora_4 Kolo Touré_17 Siaka Tiéné  _20 Guy Demel_19 Yaya Touré_9 Cheick Tioté  _21 Emmanuel Eboué_11 Didier Drogba  _8 Salomon Kalou_15 Aruna Dindane
20100621,Portugal,7,North Korea,0,18,3,2,2,0,0,2,3,5,1,4,3,55%,45%,26 (13),15 (4),"1 Eduardo_2 Bruno Alves_6 Ricardo Carvalho_23 Fábio Coentrão_13 Miguel_8 Pedro Mendes  _16 Raul Meireles  _19 Tiago  
 _18 Hugo Almeida  
 _11 Simão  _7 Cristiano Ronaldo  ",1 Ri Myong-Guk_3 Ri Jun-Il_5 Ri Kwang-Chon_13 Pak Chol-Jin  _8 Ji Yun-Nam_2 Cha Jong-Hyok_17 An Yong-Hak_4 Pak Nam-Chol_11 Mun In-Guk_10 Hong Yong-Jo  _9 Jong Tae-Se
20100621,Chile,1,Switzerland,0,19,26,6,3,0,1,9,0,5,3,5,0,58%,42%,20 (7),7 (1),1 Claudio Bravo_3 Waldo Ponce  _18 Gonzalo Jara_17 Gary Medel  _14 Matías Fernández  _6 Carlos Carmona  _8 Arturo Vidal_4 Mauricio Isla_9 Humberto Suazo  _15 Jean Beauséjour_7 Alexis Sánchez,1 Diego Benaglio_13 Stéphane Grichting_5 Steve von Bergen_17 Reto Ziegler_2 Stephan Lichtsteiner_6 Benjamin Huggel_8 Gökhan Inler  _16 Gelson Fernandes_11 Valon Behrami  _10 Blaise N'Kufo  _9 Alexander Frei
20100621,Spain,2,Honduras,0,9,19,0,2,0,0,1,7,12,2,3,0,57%,43%,22 (7),9 (0),"1 Iker Casillas_5 Carles Puyol_3 Gerard Piqué_11 Joan Capdevila_15 Sergio Ramos_8 Xavi_14 Xabi Alonso_16 Sergio Busquets_9 Fernando Torres_7 David Villa  
 _22 Jesús Navas",18 Noel Valladares_3 Maynor Figueroa_2 Osman Chávez_21 Emilio Izaguirre  _23 Sergio Mendoza_20 Amado Guevara_8 Wilson Palacios_19 Danilo Turcios  _13 Roger Espinoza_15 Walter Martínez_11 David Suazo
20100622,France,1,South Africa,2,10,12,1,0,1,0,6,3,3,5,2,6,50%,50%,10 (4),21 (10),1 Hugo Lloris_5 William Gallas_17 Sebastien Squillaci_22 Gaël Clichy_2 Bacary Sagna_8 Yoann Gourcuff  _19 Abou Diaby  _18 Alou Diarra_9 Djibril Cissé_7 Franck Ribéry_11 André-Pierre Gignac,1 Moeneeb Josephs_20 Bongani Khumalo  _4 Aaron Mokoena_3 Tsepo Masilela_5 Anele Ngcongca_23 Thanduyise Khuboni_6 MacBeth Sibaya_8 Siphiwe Tshabalala_10 Steven Pienaar_9 Katlego Mphela  _17 Bernard Parker
20100622,Mexico,0,Uruguay,1,20,13,2,1,0,0,2,0,6,7,1,4,59%,41%,11 (2),15 (5),1 Oscar Pérez_15 Héctor Moreno_2 Maza_3 Carlos Salcido_5 Ricardo Osorio_4 Rafael Márquez_18 Andrés Guardado_6 Gerardo Torrado_9 Guillermo Franco_10 Cuauhtémoc Blanco_17 Giovani dos Santos,1 Fernando Muslera_6 Mauricio Victorino_2 Diego Lugano_4 Jorge Fucile  _16 Maxi Pereira_10 Diego Forlán_17 Egidio Arévalo Ríos_15 Diego Pérez_9 Luis Suárez  _11 Álvaro Pereira_7 Edinson Cavani
20100622,Greece,0,Argentina,2,15,8,1,1,0,0,0,2,1,10,3,8,33%,67%,7 (3),22 (12),12 Alexandros Tzorvas_8 Avraam Papadopoulos_16 Sotirios Kyrgiakos_5 Vangelis Moras_15 Vasilis Torosidis_11 Loukas Vyntra_10 Georgios Karagounis_19 Sokratis Papastathopoulos_21 Kostas Katsouranis  _6 Alexandros Tziolis_7 Giorgos Samaras,22 Sergio Romero_4 Nicolás Burdisso_2 Martín Demichelis  _3 Clemente Rodríguez_15 Nicolás Otamendi_8 Juan Sebastián Verón_5 Mario Bolatti  _20 Maxi Rodríguez_19 Diego Milito_16 Sergio Agüero_10 Lionel Messi
20100622,Nigeria,2,South Korea,2,22,12,3,1,0,0,1,2,1,7,1,6,45%,55%,11 (4),16 (8),1 Vincent Enyeama  _6 Danny Shittu_2 Joseph Yobo_5 Rabiu Afolabi_17 Chidi Odiah_20 Dickson Etuhu_13 Ayila Yussuf  _12 Kalu Uche  _19 Chinedu Obasi  _8 Yakubu Aiyegbeni  _4 Nwankwo Kanu,18 Jung Sung-Ryong_14 Lee Jung-Soo  _4 Cho Yong-Hyung_12 Lee Young-Pyo_22 Cha Du-Ri_16 Ki Sung-Yueng_8 Kim Jung-Woo_7 Park Ji-Sung_17 Lee Chung-Yong_10 Park Chu-Young  _19 Ki-Hun Yeom
20100623,Slovenia,0,England,1,19,20,3,1,0,0,1,1,2,11,3,7,45%,55%,13 (6),13 (8),1 Samir Handanovic_5 Bostjan Cesar_4 Marko Suler_13 Bojan Jokic  _2 Miso Brecko_18 Aleksandar Radosavljevic_8 Robert Koren_17 Andraz Kirm_10 Valter Birsa  _11 Milivoje Novakovic_9 Zlatan Ljubijankic,1 David James_15 Matthew Upson_6 John Terry_3 Ashley Cole_2 Glen Johnson  _8 Frank Lampard_14 Gareth Barry_4 Steven Gerrard_16 James Milner_19 Jermain Defoe  _10 Wayne Rooney
20100623,United States,1,Algeria,0,11,21,2,3,0,1,1,4,4,6,7,3,51%,49%,22 (10),19 (4),1 Tim Howard_12 Jonathan Bornstein_15 Jay DeMerit_3 Carlos Bocanegra_6 Steve Cherundolo_19 Maurice Edu_4 Michael Bradley_8 Clint Dempsey_10 Landon Donovan  _9 Herculez Gomez_17 Jozy Altidore  ,"23 Rais M'Bolhi_4 Antar Yahia  
 _5 Rafik Halliche_3 Nadir Belhadj_2 Madjid Bouguerra_19 Hassan Yebda  _8 Medhi Lacen  _13 Karim Matmour_15 Karim Ziani_21 Foued Kadir_11 Rafik Djebbour"
20100623,Australia,2,Serbia,1,25,10,3,2,0,0,1,7,5,6,5,5,45%,55%,17 (7),23 (6),1 Mark Schwarzer_2 Lucas Neill_6 Michael Beauchamp  _21 David Carney_8 Luke Wilkshire  _5 Jason Culina_16 Carl Valeri_23 Mark Bresciano_7 Brett Emerton  _9 Joshua Kennedy_4 Tim Cahill  ,1 Vladimir Stojkovic_13 Aleksandar Lukovic  _5 Nemanja Vidic_16 Ivan Obradovic_6 Branislav Ivanovic_10 Dejan Stankovic_22 Zdravko Kuzmanovic_18 Milos Ninkovic  _14 Milan Jovanovic_17 Milos Krasic_15 Nikola Zigic
20100623,Ghana,0,Germany,1,11,5,1,1,0,0,3,4,4,7,2,5,45%,55%,17 (5),13 (6),22 Richard Kingson_5 John Mensah_8 Jonathan Mensah_2 Hans Sarpei_4 John Pantsil_21 Kwadwo Asamoah_23 Kevin-Prince Boateng_6 Anthony Annan_3 Asamoah Gyan_13 André Ayew  _12 Prince Tagoe,1 Manuel Neuer_3 Arne Friedrich_17 Per Mertesacker_20 Jérôme Boateng_16 Philipp Lahm_8 Mesut Özil  _7 Bastian Schweinsteiger_6 Sami Khedira_19 Cacau_10 Lukas Podolski_13 Thomas Müller  
20100624,Paraguay,0,New Zealand,0,13,19,2,1,0,0,0,2,2,0,4,0,58%,42%,17 (5),4 (0),1 Justo Villar_14 Paulo Da Silva_5 Julio César Cáceres_3 Claudio Morel Rodríguez_4 Denis Caniza_16 Cristian Riveros_15 Victor Cáceres  _18 Nelson Valdez_13 Enrique Vera_9 Roque Santa Cruz  _7 Óscar Cardozo,1 Mark Paston_6 Ryan Nelsen  _19 Tommy Smith_4 Winston Reid_5 Ivan Vicelich_7 Simon Elliott_3 Tony Lochhead_11 Leo Bertos_14 Rory Fallon_9 Shane Smeltz_10 Chris Killen
20100624,Slovakia,3,Italy,2,20,17,4,4,0,0,1,3,6,3,1,3,50%,50%,12 (4),16 (6),"1 Jan Mucha  _16 Jan Durica_3 Martin Skrtel_5 Radoslav Zabavnik_2 Peter Pekarik  _17 Marek Hamsik_6 Zdeno Strba  _8 Jan Kozak_19 Juraj Kucka_11 Robert Vittek  
  _18 Erik Jendrisek_15 Miroslav Stoch",12 Federico Marchetti_4 Giorgio Chiellini  _5 Fabio Cannavaro  _3 Domenico Criscito_19 Gianluca Zambrotta_6 Daniele De Rossi_8 Gennaro Gattuso_22 Riccardo Montolivo_9 Vincenzo Iaquinta_10 Antonio Di Natale  _7 Simone Pepe  
20100624,Cameroon,1,Netherlands,2,18,15,2,3,0,0,3,6,6,1,2,5,51%,49%,15 (3),15 (8),16 Souleymanou Hamidou_19 Stéphane M'bia  _3 Nicolas N'Koulou  _2 Benoît Assou-Ekotto_8 Geremi_6 Alex Song_14 Aurélien Chedjou_11 Jean Makoun_12 Gaëtan Bong_7 Landry N'Guemo_9 Samuel Eto'o  _13 Maxim Choupo-Moting,1 Maarten Stekelenburg_4 Joris Mathijsen_3 John Heitinga_5 Giovanni Van Bronckhorst  _12 Khalid Boulahrouz_10 Wesley Sneijder_6 Mark Van Bommel_8 Nigel de Jong_9 Robin van Persie  _23 Rafael Van der Vaart  _7 Dirk Kuyt  
20100624,Denmark,1,Japan,3,23,10,3,2,0,0,0,5,7,2,5,6,56%,44%,19 (7),15 (10),1 Thomas Sorensen_4 Daniel Agger_13 Per Kroldrup  _15 Simon Poulsen_6 Lars Jacobsen_2 Christian Poulsen  _12 Thomas Kahlenberg_10 Martin Jorgensen_11 Nicklas Bendtner  _19 Dennis Rommedahl_9 Jon Dahl Tomasson  ,"21 Eiji Kawashima_4 Marcus Tulio Tanaka_22 Yuji Nakazawa_5 Yuto Nagatomo  _3 Yuichi Komano_2 Yuki Abe_7 Yasuhito Endo  
 _17 Makoto Hasebe_18 Keisuke Honda  _16 Yoshito Okubo_8 Daisuke Matsui"
20100625,North Korea,0,Ivory Coast,3,13,16,0,0,0,0,2,4,0,7,4,7,39%,61%,8 (4),28 (15),1 Ri Myong-Guk_3 Ri Jun-Il_5 Ri Kwang-Chon_13 Pak Chol-Jin_8 Ji Yun-Nam_2 Cha Jong-Hyok_17 An Yong-Hak_4 Pak Nam-Chol_11 Mun In-Guk_9 Jong Tae-Se_10 Hong Yong-Jo,1 Boubacar Barry_5 Didier Zokora_4 Kolo Touré_3 Arthur Boka_21 Emmanuel Eboué_19 Yaya Touré  _13 Romaric  _9 Cheick Tioté_11 Didier Drogba_18 Kader Keita_10 Gervinho
20100625,Portugal,0,Brazil,0,11,18,4,3,0,0,2,0,4,7,3,5,39%,61%,13 (3),19 (5),1 Eduardo_2 Bruno Alves_6 Ricardo Carvalho_23 Fábio Coentrão  _21 Ricardo Costa_15 Pepe  _16 Raul Meireles_19 Tiago  _7 Cristiano Ronaldo_5 Duda  _10 Danny,1 Júlio César_4 Juan  _3 Lúcio_6 Michel Bastos_2 Maicon_19 Júlio Baptista_5 Felipe Melo  _8 Gilberto Silva_9 Luis Fabiano  _21 Nilmar_13 Dani Alves
20100625,Chile,1,Spain,2,21,13,2,0,1,0,3,1,3,4,1,0,41%,59%,9 (4),9 (3),"1 Claudio Bravo_3 Waldo Ponce  _18 Gonzalo Jara_17 Gary Medel  _8 Arturo Vidal_13 Marco Estrada  
 _11 Mark González_4 Mauricio Isla_10 Jorge Valdivia_15 Jean Beauséjour_7 Alexis Sánchez",1 Iker Casillas_5 Carles Puyol_3 Gerard Piqué_11 Joan Capdevila_15 Sergio Ramos_14 Xabi Alonso_16 Sergio Busquets_8 Xavi_9 Fernando Torres_7 David Villa  _6 Andrés Iniesta  
20100625,Switzerland,0,Honduras,0,12,17,1,4,0,0,2,9,5,3,5,1,56%,44%,17 (5),8 (2),1 Diego Benaglio_13 Stéphane Grichting_5 Steve von Bergen_17 Reto Ziegler_2 Stephan Lichtsteiner_8 Gökhan Inler_6 Benjamin Huggel_16 Gelson Fernandes  _7 Tranquillo Barnetta_10 Blaise N'Kufo_19 Eren Derdiyok,18 Noel Valladares_5 Víctor Bernárdez_2 Osman Chávez  _3 Maynor Figueroa_16 Mauricio Sabillón_6 Hendry Thomas  _8 Wilson Palacios  _7 Ramón Núñez_17 Edgar Álvarez_11 David Suazo  _10 Jerry Palacios
20100626,Uruguay,2,South Korea,1,12,12,0,3,0,0,1,0,3,3,5,3,45%,55%,14 (8),15 (5),"1 Fernando Muslera_3 Diego Godín_2 Diego Lugano_4 Jorge Fucile_16 Maximiliano Pereira_10 Diego Forlán_17 Egidio Arévalo Ríos_15 Diego Pérez_9 Luis Suárez  
 _11 Álvaro Pereira_7 Edinson Cavani",18 Jung Sung-Ryong_14 Lee Jung-Soo_4 Cho Yong-Hyung  _12 Lee Young-Pyo_22 Cha Du-Ri  _8 Kim Jung-Woo  _16 Ki Sung-Yueng_7 Park Ji-Sung_17 Lee Chung-Yong  _10 Park Chu-Young_13 Kim Jae-Sung
20100626,United States,1,Ghana,2,11,19,3,2,0,0,1,4,5,4,5,4,51%,49%,20 (6),16 (6),1 Tim Howard_3 Carlos Bocanegra  _15 Jay DeMerit_12 Jonathan Bornstein_6 Steve Cherundolo  _13 Ricardo Clark  _4 Michael Bradley_8 Clint Dempsey_10 Landon Donovan  _20 Robbie Findley_17 Jozy Altidore,22 Richard Kingson_5 John Mensah_8 Jonathan Mensah  _2 Hans Sarpei_4 John Pantsil_21 Kwadwo Asamoah_23 Kevin-Prince Boateng  _6 Anthony Annan_3 Asamoah Gyan  _13 André Ayew  _7 Samuel Inkoom
20100627,Germany,4,England,1,7,6,1,1,0,0,4,2,4,6,2,6,48%,52%,17 (7),19 (9),"1 Manuel Neuer_3 Arne Friedrich  _17 Per Mertesacker_20 Jérôme Boateng_16 Philipp Lahm_8 Mesut Özil_7 Bastian Schweinsteiger_6 Sami Khedira_11 Miroslav Klose  _10 Lukas Podolski  _13 Thomas Müller  
 ",1 David James_15 Matthew Upson  _6 John Terry_3 Ashley Cole_2 Glen Johnson  _14 Gareth Barry_8 Frank Lampard_4 Steven Gerrard_16 James Milner_19 Jermain Defoe_10 Wayne Rooney
20100627,Argentina,3,Mexico,1,11,26,0,1,0,0,1,2,2,5,3,3,51%,49%,11 (6),16 (6),"22 Sergio Romero_4 Nicolás Burdisso_2 Martín Demichelis_14 Javier Mascherano_6 Gabriel Heinze_15 Nicolás Otamendi_10 Lionel Messi_7 Ángel Di María_20 Maxi Rodríguez_9 Gonzalo Higuaín  _11 Carlos Tevez  
 ",1 Oscar Pérez_2 Maza_5 Ricardo Osorio_3 Carlos Salcido_16 Efraín Juárez_6 Gerardo Torrado_18 Andrés Guardado_4 Rafael Márquez  _14 Javier Hernández  _21 Adolfo Bautista_17 Giovani Dos Santos
20100628,Netherlands,2,Slovakia,1,17,19,2,3,0,0,2,3,5,2,7,2,52%,48%,16 (9),12 (3),"1 Maarten Stekelenburg  _4 Joris Mathijsen_3 John Heitinga_5 Giovanni Van Bronckhorst_2 Gregory van der Wiel_10 Wesley Sneijder  _8 Nigel de Jong_6 Mark Van Bommel_9 Robin van Persie_7 Dirk Kuyt_11 Arjen Robben  
 ",1 Jan Mucha_16 Jan Durica_3 Martin Skrtel  _5 Radoslav Zabavnik_2 Peter Pekarik_18 Erik Jendrisek_17 Marek Hamsik_19 Juraj Kucka  _11 Robert Vittek  _15 Miroslav Stoch_7 Vladimir Weiss
20100628,Brazil,3,Chile,0,14,18,2,3,0,0,1,1,8,6,3,1,50%,50%,17 (6),15 (3),1 Júlio César_4 Juan  _3 Lúcio_6 Michel Bastos_2 Maicon_10 Kaká  _18 Ramires  _8 Gilberto Silva_9 Luis Fabiano  _11 Robinho  _13 Dani Alves,1 Claudio Bravo_2 Ismael Fuentes  _5 Pablo Contreras_18 Gonzalo Jara_8 Arturo Vidal  _6 Carlos Carmona_15 Jean Beauséjour_4 Mauricio Isla_9 Humberto Suazo_11 Mark González_7 Alexis Sánchez
20100629,Paraguay,0,Japan,0,26,29,1,4,0,0,1,1,6,5,6,2,58%,42%,18 (6),16 (6),1 Justo Villar_21 Antolín Alcaraz_14 Paulo Da Silva_3 Claudio Morel Rodríguez_6 Carlos Bonet_20 Néstor Ortigoza_16 Cristian Riveros  _13 Enrique Vera_19 Lucas Barrios_10 Edgar Benítez_9 Roque Santa Cruz,21 Eiji Kawashima_4 Marcus Tulio Tanaka_22 Yuji Nakazawa_5 Yuto Nagatomo  _3 Yuichi Komano_2 Yuki Abe_7 Yasuhito Endo  _17 Makoto Hasebe_18 Keisuke Honda  _16 Yoshito Okubo_8 Daisuke Matsui  
20100629,Spain,1,Portugal,0,13,18,1,1,0,1,0,3,6,3,7,3,61%,39%,19 (10),9 (3),1 Iker Casillas_5 Carles Puyol_3 Gerard Piqué_11 Joan Capdevila_15 Sergio Ramos_16 Sergio Busquets_14 Xabi Alonso  _8 Xavi_9 Fernando Torres_7 David Villa  _6 Andrés Iniesta,1 Eduardo_2 Bruno Alves_6 Ricardo Carvalho_23 Fábio Coentrão_21 Ricardo Costa  _15 Pepe_16 Raul Meireles_19 Tiago  _18 Hugo Almeida_11 Simão_7 Cristiano Ronaldo
20100702,Netherlands,2,Brazil,1,20,20,4,1,0,1,2,2,4,8,3,3,51%,49%,11 (5),15 (4),"1 Maarten Stekelenburg_13 Andre Ooijer  _4 Joris Mathijsen_3 John Heitinga  _5 Giovanni Van Bronckhorst_2 Gregory van der Wiel  _10 Wesley Sneijder  
 _8 Nigel de Jong  _6 Mark Van Bommel_9 Robin van Persie_7 Dirk Kuyt_11 Arjen Robben",1 Júlio César_4 Juan_3 Lúcio_6 Michel Bastos  _2 Maicon_10 Kaká_5 Felipe Melo  _8 Gilberto Silva_9 Luis Fabiano_11 Robinho  _13 Dani Alves
20100702,Uruguay,1,Ghana,1,23,23,3,3,1,0,6,1,12,8,4,7,48%,52%,19 (7),30 (10),,
20100703,Argentina,0,Germany,4,20,14,2,1,0,0,5,0,5,4,2,7,53%,47%,20 (7),18 (6),,
20100703,Paraguay,0,Spain,1,25,12,4,2,0,0,2,1,1,7,4,3,40%,60%,9 (4),16 (6),1 Justo Villar_21 Antolín Alcaraz  _14 Paulo Da Silva_3 Claudio Morel Rodríguez  _2 Darío Verón_16 Cristian Riveros_15 Victor Cáceres  _11 Jonathan Santana  _8 Édgar Barreto_7 Óscar Cardozo_18 Nelson Valdez,1 Iker Casillas_5 Carles Puyol_3 Gerard Piqué  _11 Joan Capdevila_15 Sergio Ramos_16 Sergio Busquets  _14 Xabi Alonso_8 Xavi_9 Fernando Torres_7 David Villa  _6 Andrés Iniesta
20100706,Uruguay,2,Netherlands,3,15,16,2,3,0,0,4,5,4,5,3,4,47%,53%,12 (6),11 (7),"1 Fernando Muslera_3 Diego Godín_6 Mauricio Victorino_22 Martín Cáceres  _16 Maximiliano Pereira  
 _5 Walter Gargano_17 Egidio Arévalo Ríos_11 Álvaro Pereira_15 Diego Pérez_7 Edinson Cavani_10 Diego Forlán  ","1 Maarten Stekelenburg_4 Joris Mathijsen_3 John Heitinga_5 Giovanni Van Bronckhorst  _12 Khalid Boulahrouz  _10 Wesley Sneijder  
 _14 Demy De Zeeuw_6 Mark Van Bommel  _9 Robin van Persie_7 Dirk Kuyt_11 Arjen Robben  "
20100707,Germany,0,Spain,1,9,7,0,0,0,0,2,1,6,7,4,2,49%,51%,5 (2),13 (5),,
20100710,Uruguay,2,Germany,3,13,11,1,3,0,0,2,3,6,12,4,4,47%,53%,16 (7),18 (7),,
20100711,Netherlands,0,Spain,1,28,19,8,5,1,0,7,6,6,8,5,5,43%,57%,13 (5),19 (6),,
20060609,Germany,4,Costa Rica,2,11,11,0,1,0,0,3,3,7,3,0,0,57%,43%,24 (11),4 (3),"1 Jens Lehmann_21 Christoph Metzelder_3 Arne Friedrich_16 Philip Lahm  _17 Per Mertesacker_8 Torsten Frings  _19 Bernd Schneider_7 Bastian Schweinsteiger_18 Tim Borowski_11 Miroslav Klose  
 _20 Lukas Podolski","18 Jose Francisco Hidalgo Porras_5 Gilberto Martinez_4 Michael Corrales Umana_12 Leonardo Gonzalez_3 Luis Marín_10 Walter Centeno_8 Mauricio Solis_6 Danny Bravo Fonseca  _20 Douglas Esteban Solano Sequeira_9 Paulo Wanchope  
 _11 Ronald Gomez"
20060609,Poland,0,Ecuador,2,8,16,1,2,0,0,3,2,11,2,0,0,54%,46%,12 (6),12 (8),1 Artur Boruc_6 Jacek Bak_4 Marcin Baszczynski_14 Michal Zewlakow_2 Mariusz Jop_8 Jacek Krzynowek_16 Arkadiusz Radomski_15 Ebi Smolarek  _10 Miroslaw Szymkowiak_7 Radoslaw Sobolewski_9 Maciej Zurawski,12 Cristian Rafael Medrano Mora_4 Ulises De la Cruz_3 Ivan Jacinto Angulo Hurtado  _17 Geovanny Espinoza_18 Neicer Reasco_20 Edwin Rolando Montano Tenorio_8 Edison Vicente Mendez Mendez  _16 Antonio Valencia_14 Segundo Castillo_11 Agustin Delgado  _21 Carlos Vicente Medina Tenorio  
20060610,England,1,Paraguay,0,13,11,2,1,0,0,5,3,6,1,0,0,56%,44%,14 (6),16 (4),1 Paul Robinson_5 Rio Ferdinand_3 Ashley Cole_2 Gary Neville_6 John Terry_4 Steven Gerrard  _11 Joe Cole_7 David Beckham_8 Frank Lampard_21 Peter Crouch  _10 Michael Owen,1 Justo Villar_3 Delio Toledo_4 Carlos Gamarra   OG_21 Denis Ramon Caniza_5 Julio Cesar Caceres_13 Carlos Paredes_10 Roberto Acuña_6 Carlos Bonet_16 Cristian Riveros_9 Roque Santa Cruz_18 Nelson Haedo Valdez  
20060610,Trinidad and Tobago,0,Sweden,0,10,8,2,1,1,0,1,2,1,8,1,0,46%,54%,6 (1),25 (6),"1 Shaka Hislop_6 Dennis Lawrence_3 Avery John  
 _5 Brent Sancho_8 Cyd Gray_11 Carlos Edwards_7 Chris Birchall_18 Densill Theobald_14 Stern John_19 Dwight Yorke  _12 Collin Samuel",23 Rami Shaaban_5 Erik Edman_4 Teddy Lucic_3 Olof Mellberg_7 Niclas Alexandersson_9 Freddie Ljungberg_21 Christian Wilhelmsson_6 Tobias Linderoth_8 Anders Svensson_11 Henrik Larsson  _10 Zlatan Ibrahimovic
20060610,Argentina,2,Ivory Coast,1,13,14,3,2,0,0,7,0,3,6,0,0,60%,40%,8 (4),19 (8),"1 Roberto Abbondanzieri_6 Gabriel Heinze  _2 Roberto Ayala_21 Nicolás Burdisso_3 Juan Pablo Sorin_10 Juan Román Riquelme_5 Esteban Cambiasso_18 Maxi Rodríguez_8 Javier Mascherano_9 Hernán Crespo  _7 Javier Saviola  
 ","1 Jean-Jacques Tizie_12 Abdoulaye Meite_4 Kolo Touré_21 Emmanuel Eboué  _3 Arthur Boka_8 Bonaventure Kalou_5 Didier Zokora_2 Kanga Akale_19 Yaya Touré_18 Abdulkader Keita_11 Didier Drogba  
 "
20060611,Serbia & Montenegro,0,Netherlands,1,14,22,4,2,0,0,2,3,6,4,7,8,43%,57%,10 (4),19 (11),1 Dragoslav Jevric_20 Mladen Krstajic_6 Goran Gavrancic  _3 Ivica Dragutinovic  _14 Nenad Djordjevic_10 Dejan Stankovic  _11 Predrag Djordjevic_4 Ihor Duljaj_17 Albert Nadj_9 Savo Milosevic_8 Mateja Kezman,1 Edwin van der Sar_5 Giovanni Van Bronckhorst  _14 John Heitinga  _13 Andre Ooijer_4 Joris Mathijsen_18 Mark Van Bommel_8 Phillip Cocu_20 Wesley Sneijder_9 Ruud van Nistelrooy_11 Arjen Robben  _17 Robin van Persie
20060611,Mexico,3,Iran,1,22,19,2,1,0,0,1,2,6,5,6,4,53%,47%,8 (5),7 (5),"1 Oswaldo Javier Ibarra Sanchez_4 Rafael Márquez_14 Gonzalo Pineda_5 Ricardo Mendoza Osorio_16 Mario Mendez_3 Carlos Salcido  _6 Gerardo Torrado  _8 Pavel Segura Pardo_9 Jared Francisco Echavarria Borgetti_10 Guillermo Franco_19 Omar Bravo  
 ",1 Ebrahim Mirzapour_4 Yahya Golmohammadi  _5 Rahman Rezaei_20 Mohammad Nosrati_13 Hossein Kaebi_8 Ali Karimi_2 Mehdi Mahdavikia_6 Javad Nekounam  _14 Andranik Teymourian_10 Ali Daei_9 Vahid Hashemian
20060611,Angola,0,Portugal,1,27,19,3,2,0,0,1,0,2,5,4,8,42%,58%,10 (2),22 (9),1 Pereira Joao Ricardo_5 Carlos Manuel Goncalves Alonso Kali_3 Joao Perreira Batlha Santos Jamba  _20 Manuel Cange Loco  _21 Luis Delgado_7 Paulo Jose Lopes Figueiredo_8 Andre Venceslau Valentim Macanga  _14 Antonio Manuel Viana Mendonca_17 Jose Nsimba Baptista Ze Kalanga_11 Mateus_10 Fabrice Akwa,1 Ricardo_16 Ricardo Carvalho_5 Fernando Meira_13 Miguel_14 Nuno Valente  _19 Tiago_8 Petit_7 Luis Figo_9 Pedro Miguel Pauleta  _11 Simão_17 Cristiano Ronaldo  
20060612,Australia,3,Japan,1,23,11,4,3,0,0,4,3,5,3,10,6,55%,45%,22 (11),9 (3),1 Mark Schwarzer_2 Lucas Neill_3 Craig Moore  _14 Scott Chipperfield_20 Luke Wilkshire_7 Brett Emerton_5 Jason Culina_13 Vince Grella  _23 Marco Bresciano_10 Harry Kewell_9 Mark Viduka,23 Yoshikatsu Kawaguchi_5 Tsuneyasu Miyamoto  _22 Yuji Nakazawa_14 Alessandro Santos_19 Keisuke Tsuboi_3 Yuichi Komano_7 Hidetoshi Nakata_15 Takashi Fukunishi_10 Shunsuke Nakamura  _13 Atsushi Yanagisawa_9 Naohiro Takahara  
20060612,United States,0,Czech Republic,3,13,16,2,4,0,0,0,10,2,5,3,0,52%,48%,10 (3),10 (4),18 Kasey Keller_4 Pablo Mastroeni_23 Eddie Pope_7 Eddie Lewis_6 Steve Cherundolo_22 Oguchi Onyewu  _10 Claudio Reyna  _21 Landon Donovan_17 DaMarcus Beasley_15 Bobby Convey_20 Brian McBride,"1 Petr Cech_6 Marek Jankulovski_21 Tomas Ujfalusi_22 David Rozehnal  _2 Zdenek Grygera  _8 Karel Poborsky_10 Tomas Rosicky  
  _11 Pavel Nedved_4 Tomas Galasek_20 Jaroslav Plasil_9 Jan Koller  "
20060612,Italy,2,Ghana,0,8,20,3,2,0,0,3,3,12,4,15,0,48%,52%,18 (13),21 (8),1 Gianluigi Buffon_5 Fabio Cannavaro_13 Alessandro Nesta_2 Cristian Zaccardo_3 Fabio Grosso_10 Francesco Totti_21 Andrea Pirlo  _20 Simone Perrotta_4 Daniele De Rossi  _9 Luca Toni_11 Alberto Gilardino,22 Richard Kingson_4 Samuel Kuffour_5 John Mensah_15 John Pantsil_6 Emmanuel Pappoe_8 Michael Essien_18 Eric Addo_11 Sulley Muntari  _10 Stephen Appiah_14 Matthew Amoah_3 Asamoah Gyan  
20060613,South Korea,2,Togo,1,17,17,2,3,0,1,2,4,3,4,6,5,59%,41%,21 (7),11 (3),"1 Lee Woon-Jae_4 Jin-Chul Choi_22 Chong-gug Song_12 Lee Young-Pyo_6 Jin-kyu Kim_2 Young-Chul Kim  _7 Park Ji-Sung_13 Eul-Yong Lee_17 Ho Lee_14 Chun-soo Lee  
 _19 Jae-jin Cho","16 Kossi Agassa_19 Ludovic Assemoassa_2 Dare Nibombe_5 Massamasso Tchangai  _3 Jean-Paul Abalo  
 _10 Mamam Cherif-Toure_18 Junior Senaya_15 Alaixys Romao  _4 Emmanuel Adebayor_7 Moustapha Salifou_17 Kader Mohamed  "
20060613,France,0,Switzerland,0,16,18,3,5,0,0,6,1,4,1,8,5,49%,51%,12 (6),7 (3),16 Fabien Barthez_5 William Gallas_3 Eric Abidal  _19 Willy Sagnol  _15 Lilian Thuram_4 Patrick Vieira_10 Zinedine Zidane  _6 Claude Makelele_11 Sylvain Wiltord_12 Thierry Henry_22 Franck Ribéry,1 Pascal Zuberbuhler_20 Patrick Müller_3 Ludovic Magnin  _4 Philippe Senderos_23 Philipp Degen  _6 Johann Vogel_8 Raphael Wicky_7 Ricardo Cabanas  _16 Tranquillo Barnetta  _9 Alexander Frei  _11 Marco Streller
20060613,Brazil,1,Croatia,0,18,19,1,3,0,0,2,4,5,7,0,4,52%,48%,19 (8),8 (4),1 Dida_6 Roberto Carlos_2 Cafu_3 Lúcio_4 Juan_5 Emerson Ferreira  _11 Zé Roberto_10 Ronaldinho_8 Kaká  _9 Ronaldo_7 Adriano,1 Stipe Pletikosa_5 Igor Tudor  _7 Dario Simic_4 Robert Kovac  _3 Josip Simunic_8 Marko Babic_2 Darijo Srna_19 Niko Kranjcar_10 Nico Kovac  _9 Dado Prso_17 Ivan Klasnic
20060614,Spain,4,Ukraine,0,9,12,0,2,0,1,0,9,7,1,0,5,50%,50%,19 (11),6 (3),"1 Iker Casillas_5 Carles Puyol_22 Pablo Ibañez_3 Mariano Pernia_15 Sergio Ramos_8 Xavi_14 Xabi Alonso  _16 Marcos Senna_11 Luis Garcia_9 Fernando Torres  _21 David Villa  
 ",1 Oleksandr Shovkovskiy_17 Vladislav Vashchuk  _2 Andriy Nesmachniy_6 Andriy Rusol  _5 Volodymyr Yezerskiy  _4 Anatoliy Tymoschuk_14 Andriy Gusin_9 Oleg Gusev_21 Ruslan Rotan_7 Andriy Shevchenko_10 Andriy Voronin
20060614,Tunisia,2,Saudi Arabia,2,15,11,4,0,0,0,1,1,3,4,4,4,45%,55%,6 (2),20 (10),1 Ali Boumnijel_18 David Jemmali_6 Hatem Trabelsi_15 Radhi Jaidi  _12 Jaouhar Mnari_14 Adel Chedli  _13 Riadh Bouazizi  _20 Hamed Namouchi_3 Karim Haggui  _5 Zied Jaziri  _9 Yassine Chikhaoui  ,21 Mabrouk Zaid_3 Redha Fallatah Tukar_4 Hamad Al Montashari_2 Ahmed Dokhi_13 Hussein Sulimani_18 Nawaf Al Temyat_14 Saud Ali Khariri_8 Mohammed Noor_16 Khaled Al-Thaker_6 Omar Al Ghamdi_20 Yasser Al Qahtani  
20060614,Germany,1,Poland,0,20,14,3,3,0,1,5,2,10,4,0,0,49%,51%,23 (10),8 (3),1 Jens Lehmann_21 Christoph Metzelder  _3 Arne Friedrich_16 Philip Lahm_17 Per Mertesacker_8 Torsten Frings_19 Bernd Schneider_13 Michael Ballack  _7 Bastian Schweinsteiger_11 Miroslav Klose_20 Lukas Podolski,"1 Artur Boruc  _6 Jacek Bak_4 Marcin Baszczynski_14 Michal Zewlakow_19 Bartosz Bosacki_8 Jacek Krzynowek  _16 Arkadiusz Radomski_15 Ebi Smolarek_7 Radoslaw Sobolewski  
 _9 Maciej Zurawski_21 Ireneusz Jelen"
20060615,Ecuador,3,Costa Rica,0,12,22,3,2,0,0,4,2,3,4,0,0,54%,46%,19 (6),13 (4),12 Cristian Rafael Medrano Mora  _4 Ulises De la Cruz  _3 Ivan Jacinto Angulo Hurtado_17 Geovanny Espinoza_18 Neicer Reasco_20 Edwin Rolando Montano Tenorio_8 Edison Vicente Mendez Mendez_16 Antonio Valencia_14 Segundo Castillo  _11 Agustin Delgado  _21 Carlos Vicente Medina Tenorio  ,18 Jose Francisco Hidalgo Porras_15 Harold McDonald Wallace_4 Michael Corrales Umana_12 Leonardo Gonzalez_3 Luis Marín  _10 Walter Centeno_8 Mauricio Solis  _6 Danny Bravo Fonseca_20 Douglas Esteban Solano Sequeira_9 Paulo Wanchope_11 Ronald Gomez
20060615,England,2,Trinidad and Tobago,0,15,16,1,5,0,0,2,2,7,3,0,0,67%,33%,26 (8),9 (3),1 Paul Robinson_5 Rio Ferdinand_15 Jamie Carragher_3 Ashley Cole_6 John Terry_4 Steven Gerrard  _11 Joe Cole_7 David Beckham_8 Frank Lampard  _21 Peter Crouch  _10 Michael Owen,1 Shaka Hislop  _6 Dennis Lawrence_5 Brent Sancho_8 Cyd Gray  _11 Carlos Edwards_7 Chris Birchall_18 Densill Theobald  _9 Aurtis Whitley  _14 Stern John_19 Dwight Yorke_15 Kenwyne Jones  
20060615,Sweden,1,Paraguay,0,18,15,3,4,0,0,3,1,6,3,0,0,52%,48%,21 (13),18 (4),1 Andreas Isaksson_5 Erik Edman_4 Teddy Lucic  _3 Olof Mellberg_7 Niclas Alexandersson_9 Freddie Ljungberg  _21 Christian Wilhelmsson_16 Kim Källström_6 Tobias Linderoth  _11 Henrik Larsson_10 Zlatan Ibrahimovic,22 Aldo Bobadilla_4 Carlos Gamarra_21 Denis Ramon Caniza  _5 Julio Cesar Caceres_2 Jorge Daniel Nunez_13 Carlos Paredes  _10 Roberto Acuña  _6 Carlos Bonet_16 Cristian Riveros_9 Roque Santa Cruz_18 Nelson Haedo Valdez
20060616,Argentina,6,Serbia & Montenegro,0,12,19,1,3,0,1,3,0,3,4,5,0,50%,50%,13 (10),6 (2),"1 Roberto Abbondanzieri_6 Gabriel Heinze_2 Roberto Ayala_21 Nicolás Burdisso_3 Juan Pablo Sorin_10 Juan Román Riquelme_18 Maxi Rodríguez  
 _8 Javier Mascherano_22 Lucho González_9 Hernán Crespo  
 _7 Javier Saviola",1 Dragoslav Jevric_20 Mladen Krstajic  _6 Goran Gavrancic_15 Milan Dudic_10 Dejan Stankovic_11 Predrag Djordjevic_7 Ognjen Koroman  _4 Ihor Duljaj_17 Albert Nadj  _9 Savo Milosevic_8 Mateja Kezman  
20060616,Netherlands,2,Ivory Coast,1,22,16,4,3,0,0,5,4,3,8,0,6,50%,50%,11 (8),18 (9),1 Edwin van der Sar_5 Giovanni Van Bronckhorst_14 John Heitinga_13 Andre Ooijer_4 Joris Mathijsen  _18 Mark Van Bommel  _8 Phillip Cocu_20 Wesley Sneijder_9 Ruud van Nistelrooy  _11 Arjen Robben  _17 Robin van Persie  ,1 Jean-Jacques Tizie_12 Abdoulaye Meite_4 Kolo Touré_21 Emmanuel Eboué_3 Arthur Boka  _5 Didier Zokora  _19 Yaya Touré_22 Romaric_11 Didier Drogba  _9 Arouna Koné_14 Bakari Koné  
20060616,Mexico,0,Angola,0,17,19,1,4,0,1,0,7,6,5,13,5,55%,45%,14 (6),10 (1),1 Oswaldo Javier Ibarra Sanchez_4 Rafael Márquez_14 Gonzalo Pineda  _5 Ricardo Mendoza Osorio_16 Mario Mendez_3 Carlos Salcido_6 Gerardo Torrado_7 Sinha_8 Pavel Segura Pardo_10 Guillermo Franco_19 Omar Bravo,"1 Pereira Joao Ricardo  _5 Carlos Manuel Goncalves Alonso Kali_3 Joao Perreira Batlha Santos Jamba_20 Manuel Cange Loco_21 Luis Delgado  _7 Paulo Jose Lopes Figueiredo_8 Andre Venceslau Valentim Macanga  
 _14 Antonio Manuel Viana Mendonca_17 Jose Nsimba Baptista Ze Kalanga  _11 Mateus_10 Fabrice Akwa"
20060617,Portugal,2,Iran,0,18,17,3,4,0,0,3,3,14,1,7,4,63%,37%,19 (9),8 (3),"1 Ricardo_16 Ricardo Carvalho_5 Fernando Meira_13 Miguel_14 Nuno Valente_7 Luis Figo_20 Deco  
 _6 Costinha  _18 Maniche_9 Pedro Miguel Pauleta  _17 Cristiano Ronaldo  ",1 Ebrahim Mirzapour_4 Yahya Golmohammadi  _5 Rahman Rezaei_20 Mohammad Nosrati_13 Hossein Kaebi  _8 Ali Karimi_2 Mehdi Mahdavikia_6 Javad Nekounam  _14 Andranik Teymourian_21 Mehrzad Madanchi  _9 Vahid Hashemian
20060617,Czech Republic,0,Ghana,2,12,20,1,5,1,0,6,9,6,7,9,9,47%,53%,17 (7),20 (9),1 Petr Cech_6 Marek Jankulovski_21 Tomas Ujfalusi  _22 David Rozehnal_2 Zdenek Grygera_8 Karel Poborsky_10 Tomas Rosicky_11 Pavel Nedved_4 Tomas Galasek_20 Jaroslav Plasil_12 Vratislav Lokvenc  ,"22 Richard Kingson_5 John Mensah_15 John Pantsil_13 Habib Mohamed_7 Illiasu Shilla_8 Michael Essien  _20 Otto Addo  _11 Sulley Muntari  
 _10 Stephen Appiah_14 Matthew Amoah_3 Asamoah Gyan  
 "
20060617,Italy,1,United States,1,13,22,2,1,1,2,11,1,7,3,0,0,54%,46%,11 (4),10 (3),1 Gianluigi Buffon_5 Fabio Cannavaro_13 Alessandro Nesta_19 Gianluca Zambrotta  _2 Cristian Zaccardo   OG_10 Francesco Totti  _21 Andrea Pirlo_20 Simone Perrotta_4 Daniele De Rossi  _9 Luca Toni_11 Alberto Gilardino  ,"18 Kasey Keller_4 Pablo Mastroeni  _23 Eddie Pope  
 _6 Steve Cherundolo_22 Oguchi Onyewu_3 Carlos Bocanegra_10 Claudio Reyna_21 Landon Donovan_15 Bobby Convey_8 Clint Dempsey_20 Brian McBride"
20060618,Japan,0,Croatia,0,18,19,3,2,0,0,1,4,5,11,0,7,51%,49%,14 (4),18 (5),23 Yoshikatsu Kawaguchi  _5 Tsuneyasu Miyamoto  _22 Yuji Nakazawa_14 Alessandro Santos  _21 Akira Kaji_7 Hidetoshi Nakata_8 Mitsuo Ogasawara_15 Takashi Fukunishi_10 Shunsuke Nakamura_13 Atsushi Yanagisawa_9 Naohiro Takahara,1 Stipe Pletikosa_5 Igor Tudor_7 Dario Simic_4 Robert Kovac  _3 Josip Simunic_8 Marko Babic_2 Darijo Srna  _19 Niko Kranjcar_10 Nico Kovac_9 Dado Prso_17 Ivan Klasnic
20060618,Brazil,2,Australia,0,9,23,3,2,0,0,5,1,7,4,5,6,53%,47%,18 (6),14 (4),1 Dida_6 Roberto Carlos_2 Cafu  _3 Lúcio_4 Juan_5 Emerson Ferreira_11 Zé Roberto_10 Ronaldinho_8 Kaká_9 Ronaldo  _7 Adriano  ,1 Mark Schwarzer_2 Lucas Neill_3 Craig Moore_6 Tony Popovic_14 Scott Chipperfield_4 Tim Cahill_7 Brett Emerton  _21 Mile Sterjovski_5 Jason Culina  _13 Vince Grella_9 Mark Viduka
20060618,France,1,South Korea,1,20,10,2,2,0,0,2,1,6,2,4,3,52%,48%,17 (7),6 (3),16 Fabien Barthez_5 William Gallas_3 Eric Abidal  _19 Willy Sagnol_15 Lilian Thuram_4 Patrick Vieira_7 Florent Malouda_10 Zinedine Zidane  _6 Claude Makelele_11 Sylvain Wiltord_12 Thierry Henry  ,1 Lee Woon-Jae_4 Jin-Chul Choi_12 Lee Young-Pyo_3 Dong-jin Kim  _2 Young-Chul Kim_7 Park Ji-Sung  _5 Kim Nam-Il_13 Eul-Yong Lee_17 Ho Lee  _14 Chun-soo Lee_19 Jae-jin Cho
20060619,Togo,0,Switzerland,2,18,13,3,1,0,0,5,4,4,8,11,14,51%,49%,10 (5),18 (10),16 Kossi Agassa_2 Dare Nibombe_5 Massamasso Tchangai_23 Assimiou Toure_8 Kuami Agboh_9 Thomas Dossevi_10 Mamam Cherif-Toure_15 Alaixys Romao  _4 Emmanuel Adebayor  _17 Kader Mohamed_13 Richmond Forson,1 Pascal Zuberbuhler_20 Patrick Müller_3 Ludovic Magnin_4 Philippe Senderos_23 Philipp Degen_6 Johann Vogel  _8 Raphael Wicky_7 Ricardo Cabanas_16 Tranquillo Barnetta  _9 Alexander Frei  _10 Daniel Gygax
20060619,Saudi Arabia,0,Ukraine,4,21,20,3,3,0,0,0,0,2,6,0,8,49%,51%,9 (2),28 (16),21 Mabrouk Zaid_3 Redha Fallatah Tukar_4 Hamad Al Montashari_2 Ahmed Dokhi  _13 Hussein Sulimani_14 Saud Ali Khariri  _8 Mohammed Noor_16 Khaled Al-Thaker_6 Omar Al Ghamdi  _7 Mohammed Ameen_20 Yasser Al Qahtani,"1 Oleksandr Shovkovskiy_2 Andriy Nesmachniy  _6 Andriy Rusol  _22 Viacheslav Sviderskiy  _11 Serhiy Rebrov  _4 Anatoliy Tymoschuk_19 Maxim Kalinichenko  
 _8 Oleg Shelayev_9 Oleg Gusev_7 Andriy Shevchenko  _10 Andriy Voronin"
20060619,Spain,3,Tunisia,1,10,20,2,6,0,0,1,4,12,1,11,3,64%,36%,26 (10),5 (3),"1 Iker Casillas_5 Carles Puyol  _22 Pablo Ibañez_3 Mariano Pernia_15 Sergio Ramos_8 Xavi_14 Xabi Alonso_16 Marcos Senna_11 Luis Garcia_9 Fernando Torres  
 _21 David Villa","1 Ali Boumnijel_6 Hatem Trabelsi  _15 Radhi Jaidi  _19 Anis Ayari  _12 Jaouhar Mnari  
 _14 Adel Chedli_13 Riadh Bouazizi_8 Mehdi Nafti_20 Hamed Namouchi_3 Karim Haggui_5 Zied Jaziri  "
20060620,Costa Rica,1,Poland,2,13,18,5,5,0,0,4,0,2,9,0,0,50%,50%,15 (6),15 (7),"18 Jose Francisco Hidalgo Porras_2 Jervis Johnson Drummond_4 Michael Corrales Umana  _12 Leonardo Gonzalez  _17 Gabriel Segura Badilla  _3 Luis Marín  _10 Walter Centeno_8 Mauricio Solis_7 Cristian Navarro Bolanos_9 Paulo Wanchope_11 Ronald Gomez  
 ","1 Artur Boruc  _6 Jacek Bak  _4 Marcin Baszczynski  _14 Michal Zewlakow  _19 Bartosz Bosacki  
 _8 Jacek Krzynowek_16 Arkadiusz Radomski  _15 Ebi Smolarek_10 Miroslaw Szymkowiak_9 Maciej Zurawski_21 Ireneusz Jelen"
20060620,Ecuador,0,Germany,3,20,17,1,1,0,0,0,3,5,2,0,0,46%,54%,9 (3),18 (9),12 Cristian Rafael Medrano Mora_4 Ulises De la Cruz_17 Geovanny Espinoza_2 Jorge Daniel Tamayo Guagua_13 Paul Vicente Zambrano Ambrossi_15 Marlon Ayovi_20 Edwin Rolando Montano Tenorio_8 Edison Vicente Mendez Mendez_16 Antonio Valencia  _10 Ivan Jaime Llorentty Kaviedes_9 Felix Alexander Valencia Borja,"1 Jens Lehmann_4 Robert Huth_3 Arne Friedrich_16 Philip Lahm_17 Per Mertesacker_8 Torsten Frings_19 Bernd Schneider_13 Michael Ballack_7 Bastian Schweinsteiger_11 Miroslav Klose  
 _20 Lukas Podolski  "
20060620,Paraguay,2,Trinidad and Tobago,0,16,20,2,2,0,0,4,3,7,1,0,0,55%,45%,13 (7),10 (3),22 Aldo Bobadilla_4 Carlos Gamarra_21 Denis Ramon Caniza_5 Julio Cesar Caceres_2 Jorge Daniel Nunez_13 Carlos Paredes  _10 Roberto Acuña_19 Julio Dos Santos  _8 Édgar Barreto_9 Roque Santa Cruz_18 Nelson Haedo Valdez,"21 Kelvin Jack_6 Dennis Lawrence_3 Avery John_5 Brent Sancho   OG
 _11 Carlos Edwards_7 Chris Birchall_18 Densill Theobald_9 Aurtis Whitley  _14 Stern John_19 Dwight Yorke_13 Cornell Glen"
20060620,Sweden,2,England,2,19,11,2,1,0,0,0,1,12,6,0,0,46%,54%,12 (5),18 (7),1 Andreas Isaksson_5 Erik Edman_4 Teddy Lucic_3 Olof Mellberg_7 Niclas Alexandersson  _9 Freddie Ljungberg  _16 Kim Källström_6 Tobias Linderoth_11 Henrik Larsson  _18 Mattias Jonson_20 Marcus Allback  ,1 Paul Robinson_5 Rio Ferdinand_15 Jamie Carragher_3 Ashley Cole_6 John Terry_11 Joe Cole  _7 David Beckham_8 Frank Lampard_16 Owen Hargreaves  _10 Michael Owen_9 Wayne Rooney
20060621,Iran,1,Angola,1,18,21,3,3,0,0,1,5,3,6,12,7,54%,46%,20 (12),17 (8),1 Ebrahim Mirzapour_5 Rahman Rezaei_20 Mohammad Nosrati_13 Hossein Kaebi_3 Sohrab Bakhtiarizadeh  _2 Mehdi Mahdavikia_7 Ferydoon Zandi  _14 Andranik Teymourian  _21 Mehrzad Madanchi  _10 Ali Daei_9 Vahid Hashemian,1 Pereira Joao Ricardo_5 Carlos Manuel Goncalves Alonso Kali_3 Joao Perreira Batlha Santos Jamba_20 Manuel Cange Loco  _21 Luis Delgado_7 Paulo Jose Lopes Figueiredo_14 Antonio Manuel Viana Mendonca  _17 Jose Nsimba Baptista Ze Kalanga  _6 Marcos Miloy_11 Mateus_10 Fabrice Akwa
20060621,Portugal,2,Mexico,1,22,15,4,4,0,1,2,0,4,5,5,7,50%,50%,13 (6),15 (6),"1 Ricardo_16 Ricardo Carvalho_5 Fernando Meira_13 Miguel  _3 Caneira_19 Tiago_8 Petit_7 Luis Figo_18 Maniche  
 _11 Simão  _23 Hélder Postiga","1 Oswaldo Javier Ibarra Sanchez_4 Rafael Márquez  _14 Gonzalo Pineda_22 Francisco Javier Pinedo Rodriguez  _5 Ricardo Mendoza Osorio_16 Mario Mendez_3 Carlos Salcido_23 Luis Perez  
 _8 Pavel Segura Pardo_17 Francisco Fonseca  _19 Omar Bravo"
20060621,Ivory Coast,3,Serbia & Montenegro,2,13,19,3,4,1,1,7,2,9,1,7,0,64%,36%,29 (17),10 (4),"23 Boubacar Barry_17 Cyril Domoraud  
 _6 Blaise Kouassi_21 Emmanuel Eboué_3 Arthur Boka_5 Didier Zokora_19 Yaya Touré_18 Abdulkader Keita  _2 Kanga Akale_9 Arouna Koné_15 Aruna Dindane  
  ",1 Dragoslav Jevric_20 Mladen Krstajic_6 Goran Gavrancic  _15 Milan Dudic  _14 Nenad Djordjevic_2 Ivan Ergic_10 Dejan Stankovic_11 Predrag Djordjevic_22 Sasa Ilic  _4 Ihor Duljaj  _19 Nikola Zigic  
20060621,Netherlands,0,Argentina,0,20,16,3,2,0,0,1,4,7,10,0,6,50%,50%,12 (3),12 (2),1 Edwin van der Sar_2 Kew Jaliens_15 Tim De Cler  _13 Andre Ooijer  _3 Khalid Boulahrouz_10 Rafael Van der Vaart_8 Phillip Cocu_20 Wesley Sneijder_9 Ruud van Nistelrooy_7 Dirk Kuyt  _17 Robin van Persie,1 Roberto Abbondanzieri_2 Roberto Ayala_15 Gabriel Milito_21 Nicolás Burdisso_17 Leandro Cufré_10 Juan Román Riquelme_5 Esteban Cambiasso  _18 Maxi Rodríguez_8 Javier Mascherano  _19 Lionel Messi_11 Carlos Tevez
20060622,Czech Republic,0,Italy,2,17,16,1,1,1,0,1,1,4,5,0,5,49%,51%,13 (7),18 (7),"1 Petr Cech_6 Marek Jankulovski_22 David Rozehnal_2 Zdenek Grygera_8 Karel Poborsky_10 Tomas Rosicky_11 Pavel Nedved_20 Jaroslav Plasil_19 Jan Polak  
 _5 Radoslav Kovac_15 Milan Baros",1 Gianluigi Buffon_5 Fabio Cannavaro_13 Alessandro Nesta_19 Gianluca Zambrotta_3 Fabio Grosso_10 Francesco Totti_8 Gennaro Gattuso  _21 Andrea Pirlo_20 Simone Perrotta_16 Mauro Camoranesi_11 Alberto Gilardino
20060622,Ghana,2,United States,1,30,15,4,1,0,0,8,6,2,6,0,7,45%,55%,9 (3),10 (4),"22 Richard Kingson_5 John Mensah  _15 John Pantsil_13 Habib Mohamed_7 Illiasu Shilla  _8 Michael Essien  _10 Stephen Appiah  
 _23 Haminu Draman  _9 Derek Boateng_19 Razak Pimpong_14 Matthew Amoah",18 Kasey Keller_7 Eddie Lewis  _6 Steve Cherundolo_22 Oguchi Onyewu_13 Jimmy Conrad_3 Carlos Bocanegra_10 Claudio Reyna_21 Landon Donovan_17 DaMarcus Beasley_8 Clint Dempsey  _20 Brian McBride
20060622,Croatia,2,Australia,2,17,21,4,1,2,1,2,1,4,9,0,0,46%,54%,12 (6),15 (7),"1 Stipe Pletikosa  _13 Stjepan Tomas_5 Igor Tudor  _7 Dario Simic  
 _3 Josip Simunic  
 _8 Marko Babic_2 Darijo Srna  _19 Niko Kranjcar_10 Nico Kovac  _9 Dado Prso_18 Ivica Olic","18 Zeljko Kalac_2 Lucas Neill_3 Craig Moore  _14 Scott Chipperfield_4 Tim Cahill_7 Brett Emerton  
 _21 Mile Sterjovski_5 Jason Culina_13 Vince Grella_10 Harry Kewell  _9 Mark Viduka"
20060622,Japan,1,Brazil,4,9,5,1,1,0,0,4,0,3,11,3,12,37%,63%,9 (3),24 (16),23 Yoshikatsu Kawaguchi_22 Yuji Nakazawa_14 Alessandro Santos_21 Akira Kaji  _19 Keisuke Tsuboi_17 Junichi Inamoto_7 Hidetoshi Nakata_8 Mitsuo Ogasawara_10 Shunsuke Nakamura_20 Keiji Tamada  _11 Seiichiro Maki,"1 Dida_3 Lúcio_4 Juan_13 Cicinho_16 Gilberto Melo  
 _19 Juninho Pernambucano  _10 Ronaldinho_17 Gilberto Silva_8 Kaká_9 Ronaldo  
 _23 Robinho"
20060623,Saudi Arabia,0,Spain,1,21,21,2,3,0,0,5,0,4,10,0,17,37%,63%,8 (3),22 (14),21 Mabrouk Zaid_3 Redha Fallatah Tukar_4 Hamad Al Montashari_2 Ahmed Dokhi_12 Abdulaziz Khathran_13 Hussein Sulimani_14 Saud Ali Khariri_8 Mohammed Noor_16 Khaled Al-Thaker_9 Sami Al Jaber  _11 Saad Al Harthi,19 Santiago Cañizares_20 Juanito  _2 Míchel Salgado_4 Carlos Marchena  _12 Antonio López_6 David Albelda  _10 José Antonio Reyes  _17 Joaquín_13 Andrés Iniesta_18 Cesc Fàbregas_7 Raúl
20060623,Ukraine,1,Tunisia,0,17,24,4,3,0,1,3,4,3,3,7,0,56%,44%,7 (5),10 (3),1 Oleksandr Shovkovskiy_2 Andriy Nesmachniy_6 Andriy Rusol  _22 Viacheslav Sviderskiy  _11 Serhiy Rebrov_4 Anatoliy Tymoschuk  _19 Maxim Kalinichenko_8 Oleg Shelayev  _9 Oleg Gusev_7 Andriy Shevchenko  _10 Andriy Voronin,"1 Ali Boumnijel_6 Hatem Trabelsi_15 Radhi Jaidi  _19 Anis Ayari_12 Jaouhar Mnari_14 Adel Chedli_13 Riadh Bouazizi  _8 Mehdi Nafti_20 Hamed Namouchi_3 Karim Haggui_5 Zied Jaziri  
 "
20060623,Switzerland,2,South Korea,0,7,19,5,4,0,0,3,3,8,6,6,7,51%,49%,12 (5),17 (7),"1 Pascal Zuberbuhler_20 Patrick Müller_4 Philippe Senderos  
 _23 Philipp Degen_22 Hakan Yakin  _6 Johann Vogel_8 Raphael Wicky  _17 Christoph Spycher  _7 Ricardo Cabanas_16 Tranquillo Barnetta_9 Alexander Frei  ",1 Lee Woon-Jae_4 Jin-Chul Choi  _12 Lee Young-Pyo_6 Jin-kyu Kim  _3 Dong-jin Kim_7 Park Ji-Sung_5 Kim Nam-Il_17 Ho Lee_14 Chun-soo Lee  _19 Jae-jin Cho_10 Chu-Young Park  
20060623,Togo,0,France,2,20,11,3,1,0,0,3,4,1,9,3,16,37%,63%,8 (1),20 (12),16 Kossi Agassa_2 Dare Nibombe_5 Massamasso Tchangai_3 Jean-Paul Abalo_10 Mamam Cherif-Toure  _18 Junior Senaya_6 Yao Aziawonou  _4 Emmanuel Adebayor_7 Moustapha Salifou  _17 Kader Mohamed_13 Richmond Forson,16 Fabien Barthez_13 Mikael Silvestre_5 William Gallas_19 Willy Sagnol_15 Lilian Thuram_4 Patrick Vieira  _7 Florent Malouda_6 Claude Makelele  _12 Thierry Henry  _20 David Trezeguet_22 Franck Ribéry
20060624,Germany,2,Sweden,0,14,20,1,3,0,1,3,2,4,4,0,0,63%,37%,29 (13),4 (2),"1 Jens Lehmann_21 Christoph Metzelder_3 Arne Friedrich_16 Philip Lahm_17 Per Mertesacker_8 Torsten Frings  _19 Bernd Schneider_13 Michael Ballack_7 Bastian Schweinsteiger_11 Miroslav Klose_20 Lukas Podolski  
 ","1 Andreas Isaksson_5 Erik Edman_4 Teddy Lucic  
 _3 Olof Mellberg_7 Niclas Alexandersson_9 Freddie Ljungberg_16 Kim Källström_6 Tobias Linderoth_11 Henrik Larsson_18 Mattias Jonson  _10 Zlatan Ibrahimovic"
20060624,Argentina,2,Mexico,1,19,25,2,4,0,0,8,2,6,5,3,0,51%,49%,11 (6),16 (9),1 Roberto Abbondanzieri_6 Gabriel Heinze  _2 Roberto Ayala_13 Lionel Scaloni_3 Juan Pablo Sorin  _10 Juan Román Riquelme_5 Esteban Cambiasso_18 Maxi Rodríguez  _8 Javier Mascherano_9 Hernán Crespo  _7 Javier Saviola,"1 Oswaldo Javier Ibarra Sanchez_4 Rafael Márquez  
 _5 Ricardo Mendoza Osorio_15 Jose Antonio Gonzalez Castro  _18 Andrés Guardado_16 Mario Mendez_3 Carlos Salcido_8 Pavel Segura Pardo_9 Jared Francisco Echavarria Borgetti_11 Ramon Higuera Morales_17 Francisco Fonseca  "
20060625,England,1,Ecuador,0,13,22,3,3,0,0,3,6,5,7,0,0,51%,49%,10 (4),13 (4),1 Paul Robinson  _5 Rio Ferdinand_3 Ashley Cole_6 John Terry  _4 Steven Gerrard_18 Michael Carrick_11 Joe Cole_7 David Beckham  _8 Frank Lampard_16 Owen Hargreaves_9 Wayne Rooney,12 Cristian Rafael Medrano Mora_4 Ulises De la Cruz  _3 Ivan Jacinto Angulo Hurtado_17 Geovanny Espinoza_18 Neicer Reasco_20 Edwin Rolando Montano Tenorio_8 Edison Vicente Mendez Mendez_16 Antonio Valencia  _14 Segundo Castillo_11 Agustin Delgado_21 Carlos Vicente Medina Tenorio  
20060625,Portugal,1,Netherlands,0,9,12,7,5,2,2,4,2,3,5,5,6,51%,49%,11 (6),25 (8),"1 Ricardo  _16 Ricardo Carvalho_5 Fernando Meira_13 Miguel_14 Nuno Valente  _7 Luis Figo  _20 Deco  
 _6 Costinha  
 _18 Maniche  
 _9 Pedro Miguel Pauleta_17 Cristiano Ronaldo","1 Edwin van der Sar_5 Giovanni Van Bronckhorst  
 _13 Andre Ooijer_3 Khalid Boulahrouz  
 _4 Joris Mathijsen_18 Mark Van Bommel  _8 Phillip Cocu_20 Wesley Sneijder  _11 Arjen Robben_7 Dirk Kuyt_17 Robin van Persie"
20060626,Italy,1,Australia,0,17,24,3,3,1,0,2,1,2,2,5,0,42%,58%,12 (7),10 (4),1 Gianluigi Buffon_23 Marco Materazzi  _5 Fabio Cannavaro_19 Gianluca Zambrotta  _3 Fabio Grosso  _8 Gennaro Gattuso  _21 Andrea Pirlo_20 Simone Perrotta_7 Alessandro Del Piero_9 Luca Toni_11 Alberto Gilardino,1 Mark Schwarzer_2 Lucas Neill_3 Craig Moore_14 Scott Chipperfield_4 Tim Cahill  _20 Luke Wilkshire  _21 Mile Sterjovski_5 Jason Culina_13 Vince Grella  _23 Marco Bresciano_9 Mark Viduka
20060626,Switzerland,0,Ukraine,0,22,18,1,0,0,0,0,1,5,6,0,6,51%,49%,14 (5),16 (2),1 Pascal Zuberbuhler_20 Patrick Müller_3 Ludovic Magnin_23 Philipp Degen_2 Johan Djourou_22 Hakan Yakin_6 Johann Vogel_8 Raphael Wicky_7 Ricardo Cabanas_16 Tranquillo Barnetta  _9 Alexander Frei,1 Oleksandr Shovkovskiy_17 Vladislav Vashchuk_2 Andriy Nesmachniy_4 Anatoliy Tymoschuk_19 Maxim Kalinichenko_8 Oleg Shelayev_14 Andriy Gusin_9 Oleg Gusev_16 Andriy Vorobey_7 Andriy Shevchenko_10 Andriy Voronin
20060627,Brazil,3,Ghana,0,16,22,2,5,0,1,5,4,3,4,7,7,51%,49%,13 (10),22 (9),"1 Dida_6 Roberto Carlos_2 Cafu_3 Lúcio_4 Juan  _5 Emerson Ferreira_11 Zé Roberto  _10 Ronaldinho_8 Kaká_9 Ronaldo  _7 Adriano  
 ","22 Richard Kingson_5 John Mensah_15 John Pantsil  _6 Emmanuel Pappoe_7 Illiasu Shilla_18 Eric Addo  _11 Sulley Muntari  _10 Stephen Appiah  _23 Haminu Draman_14 Matthew Amoah_3 Asamoah Gyan  
 "
20060627,Spain,1,France,3,28,22,1,3,0,0,2,7,8,5,4,5,56%,44%,10 (5),10 (7),1 Iker Casillas_5 Carles Puyol  _22 Pablo Ibañez_3 Mariano Pernia_15 Sergio Ramos_8 Xavi_14 Xabi Alonso_18 Cesc Fàbregas_7 Raúl_9 Fernando Torres_21 David Villa  ,"16 Fabien Barthez_5 William Gallas_3 Eric Abidal_19 Willy Sagnol_15 Lilian Thuram_4 Patrick Vieira  
 _7 Florent Malouda_10 Zinedine Zidane  
 _6 Claude Makelele_12 Thierry Henry_22 Franck Ribéry  
 "
20060630,Germany,1,Argentina,1,23,30,3,4,0,0,3,3,4,6,3,0,47%,53%,17 (7),13 (5),1 Jens Lehmann_21 Christoph Metzelder_3 Arne Friedrich  _16 Philip Lahm_17 Per Mertesacker_8 Torsten Frings_19 Bernd Schneider_13 Michael Ballack_7 Bastian Schweinsteiger_11 Miroslav Klose  _20 Lukas Podolski  ,1 Roberto Abbondanzieri_6 Gabriel Heinze_2 Roberto Ayala  _4 Fabricio Coloccini_3 Juan Pablo Sorin  _10 Juan Román Riquelme_18 Maxi Rodríguez  _8 Javier Mascherano  _22 Lucho González_9 Hernán Crespo_11 Carlos Tevez
20060630,Italy,3,Ukraine,0,14,24,0,3,0,0,2,2,1,3,0,0,59%,41%,14 (9),15 (4),"1 Gianluigi Buffon_5 Fabio Cannavaro_19 Gianluca Zambrotta  _3 Fabio Grosso_6 Andrea Barzagli_10 Francesco Totti_8 Gennaro Gattuso_21 Andrea Pirlo_20 Simone Perrotta_16 Mauro Camoranesi_9 Luca Toni  
 ",1 Oleksandr Shovkovskiy_2 Andriy Nesmachniy_6 Andriy Rusol_22 Viacheslav Sviderskiy  _4 Anatoliy Tymoschuk_19 Maxim Kalinichenko  _8 Oleg Shelayev_14 Andriy Gusin_9 Oleg Gusev_7 Andriy Shevchenko_15 Artem Milevskiy  
20060701,England,0,Portugal,0,18,10,2,2,1,0,0,3,6,4,9,0,49%,51%,13 (7),26 (15),1 Paul Robinson_5 Rio Ferdinand_3 Ashley Cole_2 Gary Neville_6 John Terry  _4 Steven Gerrard_11 Joe Cole_7 David Beckham_8 Frank Lampard_16 Owen Hargreaves  _9 Wayne Rooney  ,1 Ricardo_16 Ricardo Carvalho  _5 Fernando Meira_13 Miguel_14 Nuno Valente_19 Tiago_8 Petit  _7 Luis Figo_18 Maniche_9 Pedro Miguel Pauleta_17 Cristiano Ronaldo
20060701,Brazil,0,France,1,19,17,4,3,0,0,3,5,5,7,5,5,44%,56%,13 (5),15 (5),1 Dida_6 Roberto Carlos_2 Cafu  _3 Lúcio  _4 Juan  _19 Juninho Pernambucano_11 Zé Roberto_10 Ronaldinho_17 Gilberto Silva_8 Kaká_9 Ronaldo  ,16 Fabien Barthez_5 William Gallas_3 Eric Abidal_19 Willy Sagnol  _15 Lilian Thuram  _4 Patrick Vieira_7 Florent Malouda_10 Zinedine Zidane_6 Claude Makelele_12 Thierry Henry  _22 Franck Ribéry
20060704,Germany,0,Italy,2,19,19,2,1,0,0,1,11,4,12,0,0,42%,58%,18 (6),18 (11),1 Jens Lehmann_21 Christoph Metzelder  _3 Arne Friedrich_16 Philip Lahm_17 Per Mertesacker_19 Bernd Schneider_13 Michael Ballack_18 Tim Borowski  _5 Sebastian Kehl_11 Miroslav Klose_20 Lukas Podolski,1 Gianluigi Buffon_23 Marco Materazzi_5 Fabio Cannavaro_19 Gianluca Zambrotta_3 Fabio Grosso  _10 Francesco Totti_8 Gennaro Gattuso_21 Andrea Pirlo_20 Simone Perrotta_16 Mauro Camoranesi  _9 Luca Toni
20060705,Portugal,0,France,1,16,10,1,1,0,0,4,0,8,3,6,4,51%,49%,11 (6),6 (3),1 Ricardo_16 Ricardo Carvalho  _5 Fernando Meira_13 Miguel_14 Nuno Valente_7 Luis Figo_20 Deco_6 Costinha_18 Maniche_9 Pedro Miguel Pauleta_17 Cristiano Ronaldo,16 Fabien Barthez_5 William Gallas_3 Eric Abidal_19 Willy Sagnol_15 Lilian Thuram_4 Patrick Vieira_7 Florent Malouda_10 Zinedine Zidane  _6 Claude Makelele_12 Thierry Henry_22 Franck Ribéry
20060708,Germany,3,Portugal,1,14,15,2,3,0,0,1,3,2,7,7,0,48%,52%,16 (5),17 (10),"12 Oliver Kahn_21 Christoph Metzelder_6 Jens Nowotny_16 Philip Lahm_2 Marcell Jansen_8 Torsten Frings  _19 Bernd Schneider_7 Bastian Schweinsteiger  
  _5 Sebastian Kehl_11 Miroslav Klose_20 Lukas Podolski",1 Ricardo_5 Fernando Meira_2 Paulo Ferreira  _14 Nuno Valente_4 Ricardo Costa  _20 Deco_6 Costinha  _18 Maniche_9 Pedro Miguel Pauleta_11 Simão_17 Cristiano Ronaldo
20060709,Italy,1,France,1,15,24,1,3,0,1,4,2,5,7,1,0,51%,49%,6 (2),14 (7),1 Gianluigi Buffon_23 Marco Materazzi  _5 Fabio Cannavaro_19 Gianluca Zambrotta  _3 Fabio Grosso_10 Francesco Totti_8 Gennaro Gattuso_21 Andrea Pirlo_20 Simone Perrotta_16 Mauro Camoranesi_9 Luca Toni,"16 Fabien Barthez_5 William Gallas_3 Eric Abidal_19 Willy Sagnol  _15 Lilian Thuram_4 Patrick Vieira_7 Florent Malouda  _10 Zinedine Zidane  
 _6 Claude Makelele_12 Thierry Henry_22 Franck Ribéry"
